Insert into curr_fye_grp_t (fye, grp, selected) values (2017,'Jennie','Y');
Insert into usr_grp_t (usr, grp) values ('Jackson', 'Jackson');
Insert into usr_grp_t (usr, grp) values ('Glenn', 'Jennie');
Insert into usr_grp_t (usr, grp) values ('Jennie', 'Jennie');

Insert into CATEGORY_T (name, type, deduction, usr, sortorder, fye) values ('HAIR AND BEAUTY','LIFESTYLE',0,'Jennie',55,2017);
Insert into CATEGORY_T (name, type, deduction, usr, sortorder, fye) values ('INTERBANK TRANSFER','TRANSFER',0,'Jennie',99,2017);
Insert into CATEGORY_T (name, type, deduction, usr, sortorder, fye) values ('CWTH SUPER','INCOME',0,'Jennie',11,2017);
Insert into CATEGORY_T (name, type, deduction, usr, sortorder, fye) values ('QLD HEALTH','INCOME',1,'Jennie',11,2017);
Insert into CATEGORY_T (name, type, deduction, usr, sortorder, fye) values ('CLOTHING','FOOD',0,'Jennie',33,2017);
Insert into CATEGORY_T (name, type, deduction, usr, sortorder, fye) values ('POST','EXPENSE',0.5,'Jennie',22,2017);
Insert into CATEGORY_T (name, type, deduction, usr, sortorder, fye) values ('TAX','TAX',0,'Jennie',88,2017);
Insert into CATEGORY_T (name, type, deduction, usr, sortorder, fye) values ('MEDICAL INS REFUND','REFUND',0,'Jennie',77,2017);
Insert into CATEGORY_T (name, type, deduction, usr, sortorder, fye) values ('HARDWARE','EXPENSE',0.5,'Jennie',22,2017);
Insert into CATEGORY_T (name, type, deduction, usr, sortorder, fye) values ('WITHDRAWAL','WITHDRAWAL',0,'Jennie',99,2017);
Insert into CATEGORY_T (name, type, deduction, usr, sortorder, fye) values ('ACCOM','RECREATION',0,'Jennie',66,2017);
Insert into CATEGORY_T (name, type, deduction, usr, sortorder, fye) values ('DINING','FOOD',0,'Jennie',33,2017);
Insert into CATEGORY_T (name, type, deduction, usr, sortorder, fye) values ('WHITE GOODS','EXPENSE',0.5,'Jennie',22,2017);
Insert into CATEGORY_T (name, type, deduction, usr, sortorder, fye) values ('BARGE','TRANSPORT',0,'Jennie',67,2017);
Insert into CATEGORY_T (name, type, deduction, usr, sortorder, fye) values ('FINE','TRANSPORT',0,'Jennie',67,2017);
Insert into CATEGORY_T (name, type, deduction, usr, sortorder, fye) values ('PETROL TOYOTA','CAR',0,'Jennie',70,2017);
Insert into CATEGORY_T (name, type, deduction, usr, sortorder, fye) values ('MUSIC','RECREATION',0,'Jennie',66,2017);
Insert into CATEGORY_T (name, type, deduction, usr, sortorder, fye) values ('QSUPER','INCOME',0,'Jennie',11,2017);
Insert into CATEGORY_T (name, type, deduction, usr, sortorder, fye) values ('SERVICE VW','CAR',0,'Jennie',70,2017);
Insert into CATEGORY_T (name, type, deduction, usr, sortorder, fye) values ('CHARITY','DEDUCTION',1,'Jennie',33,2017);
Insert into CATEGORY_T (name, type, deduction, usr, sortorder, fye) values ('ART','HOMEWARE',0,'Jennie',44,2017);
Insert into CATEGORY_T (name, type, deduction, usr, sortorder, fye) values ('WATER TAXI','TRANSPORT',0,'Jennie',67,2017);
Insert into CATEGORY_T (name, type, deduction, usr, sortorder, fye) values ('PHONE','EXPENSE',0.5,'Jennie',22,2017);
Insert into CATEGORY_T (name, type, deduction, usr, sortorder, fye) values ('AIR BNB INSURANCE','EXPENSE',1,'Jennie',22,2017);
Insert into CATEGORY_T (name, type, deduction, usr, sortorder, fye) values ('MEDICAL','DEDUCTION',1,'Jennie',33,2017);
Insert into CATEGORY_T (name, type, deduction, usr, sortorder, fye) values ('INTERNET','EXPENSE',0.5,'Jennie',22,2017);
Insert into CATEGORY_T (name, type, deduction, usr, sortorder, fye) values ('TAX_AGENT','DEDUCTION',1,'Jennie',33,2017);
Insert into CATEGORY_T (name, type, deduction, usr, sortorder, fye) values ('ALCOHOL','FOOD',0,'Jennie',33,2017);
Insert into CATEGORY_T (name, type, deduction, usr, sortorder, fye) values ('POWER','EXPENSE',0.5,'Jennie',22,2017);
Insert into CATEGORY_T (name, type, deduction, usr, sortorder, fye) values ('PARKING','TRANSPORT',0,'Jennie',67,2017);
Insert into CATEGORY_T (name, type, deduction, usr, sortorder, fye) values ('PETROL VW','CAR',0,'Jennie',70,2017);
Insert into CATEGORY_T (name, type, deduction, usr, sortorder, fye) values ('REGO VW','CAR',0,'Jennie',70,2017);
Insert into CATEGORY_T (name, type, deduction, usr, sortorder, fye) values ('HOUSE INSURANCE','EXPENSE',0.5,'Jennie',22,2017);
Insert into CATEGORY_T (name, type, deduction, usr, sortorder, fye) values ('BUS','TRANSPORT',0,'Jennie',67,2017);
Insert into CATEGORY_T (name, type, deduction, usr, sortorder, fye) values ('RATES','EXPENSE',0.5,'Jennie',22,2017);
Insert into CATEGORY_T (name, type, deduction, usr, sortorder, fye) values ('GAS','EXPENSE',0.5,'Jennie',22,2017);
Insert into CATEGORY_T (name, type, deduction, usr, sortorder, fye) values ('FISHING','RECREATION',0,'Jennie',66,2017);
Insert into CATEGORY_T (name, type, deduction, usr, sortorder, fye) values ('REGO TOYOTA','CAR',0,'Jennie',70,2017);
Insert into CATEGORY_T (name, type, deduction, usr, sortorder, fye) values ('TRANSFER','TRANSFER',0,'Jennie',99,2017);
Insert into CATEGORY_T (name, type, deduction, usr, sortorder, fye) values ('DEPOSIT','DEPOSIT',0,'Jennie',99,2017);
Insert into CATEGORY_T (name, type, deduction, usr, sortorder, fye) values ('BANK FEE','DEDUCTION',1,'Jennie',33,2017);
Insert into CATEGORY_T (name, type, deduction, usr, sortorder, fye) values ('AIR BNB','INCOME',0,'Jennie',11,2017);
Insert into CATEGORY_T (name, type, deduction, usr, sortorder, fye) values ('UQ','INCOME',0,'Jennie',11,2017);
Insert into CATEGORY_T (name, type, deduction, usr, sortorder, fye) values ('SERVICE TOYOTA','CAR',0,'Jennie',70,2017);
Insert into CATEGORY_T (name, type, deduction, usr, sortorder, fye) values ('REGO SUBARU','CAR',0,'Jennie',70,2017);
Insert into CATEGORY_T (name, type, deduction, usr, sortorder, fye) values ('PETROL SUBARU','CAR',0,'Jennie',70,2017);
Insert into CATEGORY_T (name, type, deduction, usr, sortorder, fye) values ('SERVICE SUBARU','CAR',0,'Jennie',70,2017);
Insert into CATEGORY_T (name, type, deduction, usr, sortorder, fye) values ('GROCERIES','FOOD',0,'Jennie',33,2017);
Insert into CATEGORY_T (name, type, deduction, usr, sortorder, fye) values ('CREDIT CARD','TRANSFER',0,'Jennie',99,2017);
Insert into CATEGORY_T (name, type, deduction, usr, sortorder, fye) values ('REPAIRS','EXPENSE',0.5,'Jennie',22,2017);
Insert into CATEGORY_T (name, type, deduction, usr, sortorder, fye) values ('HOMEWARE','EXPENSE',0.5,'Jennie',22,2017);
Insert into CATEGORY_T (name, type, deduction, usr, sortorder, fye) values ('TRAVEL','TRAVEL',0,'Jennie',68,2017);
Insert into CATEGORY_T (name, type, deduction, usr, sortorder, fye) values ('CHOOKS','FOOD',0.5,'Jennie',33,2017);
Insert into CATEGORY_T (name, type, deduction, usr, sortorder, fye) values ('RACQ','TRANSPORT',0,'Jennie',67,2017);
Insert into CATEGORY_T (name, type, deduction, usr, sortorder, fye) values ('INTEREST','INCOME',1,'Jennie',11,2017);
Insert into CATEGORY_T (name, type, deduction, usr, sortorder, fye) values ('HAIR AND BEAUTY','LIFESTYLE',0,'Jackson',55,2017);
Insert into CATEGORY_T (name, type, deduction, usr, sortorder, fye) values ('INTERBANK TRANSFER','TRANSFER',0,'Jackson',99,2017);
Insert into CATEGORY_T (name, type, deduction, usr, sortorder, fye) values ('CWTH SUPER','INCOME',0,'Jackson',11,2017);
Insert into CATEGORY_T (name, type, deduction, usr, sortorder, fye) values ('QLD HEALTH','INCOME',1,'Jackson',11,2017);
Insert into CATEGORY_T (name, type, deduction, usr, sortorder, fye) values ('CLOTHING','FOOD',0,'Jackson',33,2017);
Insert into CATEGORY_T (name, type, deduction, usr, sortorder, fye) values ('POST','EXPENSE',0.5,'Jackson',22,2017);
Insert into CATEGORY_T (name, type, deduction, usr, sortorder, fye) values ('TAX','TAX',0,'Jackson',88,2017);
Insert into CATEGORY_T (name, type, deduction, usr, sortorder, fye) values ('MEDICAL INS REFUND','REFUND',0,'Jackson',77,2017);
Insert into CATEGORY_T (name, type, deduction, usr, sortorder, fye) values ('HARDWARE','EXPENSE',0.5,'Jackson',22,2017);
Insert into CATEGORY_T (name, type, deduction, usr, sortorder, fye) values ('WITHDRAWAL','WITHDRAWAL',0,'Jackson',99,2017);
Insert into CATEGORY_T (name, type, deduction, usr, sortorder, fye) values ('ACCOM','RECREATION',0,'Jackson',66,2017);
Insert into CATEGORY_T (name, type, deduction, usr, sortorder, fye) values ('DINING','FOOD',0,'Jackson',33,2017);
Insert into CATEGORY_T (name, type, deduction, usr, sortorder, fye) values ('WHITE GOODS','EXPENSE',0.5,'Jackson',22,2017);
Insert into CATEGORY_T (name, type, deduction, usr, sortorder, fye) values ('BARGE','TRANSPORT',0,'Jackson',67,2017);
Insert into CATEGORY_T (name, type, deduction, usr, sortorder, fye) values ('FINE','TRANSPORT',0,'Jackson',67,2017);
Insert into CATEGORY_T (name, type, deduction, usr, sortorder, fye) values ('PETROL TOYOTA','CAR',0,'Jackson',70,2017);
Insert into CATEGORY_T (name, type, deduction, usr, sortorder, fye) values ('MUSIC','RECREATION',0,'Jackson',66,2017);
Insert into CATEGORY_T (name, type, deduction, usr, sortorder, fye) values ('QSUPER','INCOME',0,'Jackson',11,2017);
Insert into CATEGORY_T (name, type, deduction, usr, sortorder, fye) values ('SERVICE VW','CAR',0,'Jackson',70,2017);
Insert into CATEGORY_T (name, type, deduction, usr, sortorder, fye) values ('CHARITY','DEDUCTION',1,'Jackson',33,2017);
Insert into CATEGORY_T (name, type, deduction, usr, sortorder, fye) values ('ART','HOMEWARE',0,'Jackson',44,2017);
Insert into CATEGORY_T (name, type, deduction, usr, sortorder, fye) values ('WATER TAXI','TRANSPORT',0,'Jackson',67,2017);
Insert into CATEGORY_T (name, type, deduction, usr, sortorder, fye) values ('PHONE','EXPENSE',0.5,'Jackson',22,2017);
Insert into CATEGORY_T (name, type, deduction, usr, sortorder, fye) values ('MEDICAL','DEDUCTION',1,'Jackson',33,2017);
Insert into CATEGORY_T (name, type, deduction, usr, sortorder, fye) values ('INTERNET','EXPENSE',0.5,'Jackson',22,2017);
Insert into CATEGORY_T (name, type, deduction, usr, sortorder, fye) values ('TAX_AGENT','DEDUCTION',1,'Jackson',33,2017);
Insert into CATEGORY_T (name, type, deduction, usr, sortorder, fye) values ('ALCOHOL','FOOD',0,'Jackson',33,2017);
Insert into CATEGORY_T (name, type, deduction, usr, sortorder, fye) values ('POWER','EXPENSE',0.5,'Jackson',22,2017);
Insert into CATEGORY_T (name, type, deduction, usr, sortorder, fye) values ('PARKING','TRANSPORT',0,'Jackson',67,2017);
Insert into CATEGORY_T (name, type, deduction, usr, sortorder, fye) values ('PETROL VW','CAR',0,'Jackson',70,2017);
Insert into CATEGORY_T (name, type, deduction, usr, sortorder, fye) values ('REGO VW','CAR',0,'Jackson',70,2017);
Insert into CATEGORY_T (name, type, deduction, usr, sortorder, fye) values ('HOUSE INSURANCE','EXPENSE',0.5,'Jackson',22,2017);
Insert into CATEGORY_T (name, type, deduction, usr, sortorder, fye) values ('BUS','TRANSPORT',0,'Jackson',67,2017);
Insert into CATEGORY_T (name, type, deduction, usr, sortorder, fye) values ('RATES','EXPENSE',0.5,'Jackson',22,2017);
Insert into CATEGORY_T (name, type, deduction, usr, sortorder, fye) values ('GAS','EXPENSE',0.5,'Jackson',22,2017);
Insert into CATEGORY_T (name, type, deduction, usr, sortorder, fye) values ('FISHING','RECREATION',0,'Jackson',66,2017);
Insert into CATEGORY_T (name, type, deduction, usr, sortorder, fye) values ('REGO TOYOTA','CAR',0,'Jackson',70,2017);
Insert into CATEGORY_T (name, type, deduction, usr, sortorder, fye) values ('TRANSFER','TRANSFER',0,'Jackson',99,2017);
Insert into CATEGORY_T (name, type, deduction, usr, sortorder, fye) values ('DEPOSIT','DEPOSIT',0,'Jackson',99,2017);
Insert into CATEGORY_T (name, type, deduction, usr, sortorder, fye) values ('BANK FEE','DEDUCTION',1,'Jackson',33,2017);
Insert into CATEGORY_T (name, type, deduction, usr, sortorder, fye) values ('UQ','INCOME',0,'Jackson',11,2017);
Insert into CATEGORY_T (name, type, deduction, usr, sortorder, fye) values ('SERVICE TOYOTA','CAR',0,'Jackson',70,2017);
Insert into CATEGORY_T (name, type, deduction, usr, sortorder, fye) values ('REGO SUBARU','CAR',0,'Jackson',70,2017);
Insert into CATEGORY_T (name, type, deduction, usr, sortorder, fye) values ('PETROL SUBARU','CAR',0,'Jackson',70,2017);
Insert into CATEGORY_T (name, type, deduction, usr, sortorder, fye) values ('SERVICE SUBARU','CAR',0,'Jackson',70,2017);
Insert into CATEGORY_T (name, type, deduction, usr, sortorder, fye) values ('GROCERIES','FOOD',0,'Jackson',33,2017);
Insert into CATEGORY_T (name, type, deduction, usr, sortorder, fye) values ('CREDIT CARD','TRANSFER',0,'Jackson',99,2017);
Insert into CATEGORY_T (name, type, deduction, usr, sortorder, fye) values ('REPAIRS','EXPENSE',0.5,'Jackson',22,2017);
Insert into CATEGORY_T (name, type, deduction, usr, sortorder, fye) values ('HOMEWARE','EXPENSE',0.5,'Jackson',22,2017);
Insert into CATEGORY_T (name, type, deduction, usr, sortorder, fye) values ('TRAVEL','TRAVEL',0,'Jackson',68,2017);
Insert into CATEGORY_T (name, type, deduction, usr, sortorder, fye) values ('CHOOKS','FOOD',0.5,'Jackson',33,2017);
Insert into CATEGORY_T (name, type, deduction, usr, sortorder, fye) values ('RACQ','TRANSPORT',0,'Jackson',67,2017);
Insert into CATEGORY_T (name, type, deduction, usr, sortorder, fye) values ('INTEREST','INCOME',1,'Jackson',11,2017);

Insert into CATEGORY_T (name, type, deduction, usr, sortorder, fye) values ('HAIR AND BEAUTY','LIFESTYLE',0,'Glenn',55,2017);
Insert into CATEGORY_T (name, type, deduction, usr, sortorder, fye) values ('INTERBANK TRANSFER','TRANSFER',0,'Glenn',99,2017);
Insert into CATEGORY_T (name, type, deduction, usr, sortorder, fye) values ('CWTH SUPER','INCOME',0,'Glenn',11,2017);
Insert into CATEGORY_T (name, type, deduction, usr, sortorder, fye) values ('QLD HEALTH','INCOME',1,'Glenn',11,2017);
Insert into CATEGORY_T (name, type, deduction, usr, sortorder, fye) values ('CLOTHING','FOOD',0,'Glenn',33,2017);
Insert into CATEGORY_T (name, type, deduction, usr, sortorder, fye) values ('POST','EXPENSE',0.5,'Glenn',22,2017);
Insert into CATEGORY_T (name, type, deduction, usr, sortorder, fye) values ('TAX','TAX',0,'Glenn',88,2017);
Insert into CATEGORY_T (name, type, deduction, usr, sortorder, fye) values ('MEDICAL INS REFUND','REFUND',0,'Glenn',77,2017);
Insert into CATEGORY_T (name, type, deduction, usr, sortorder, fye) values ('HARDWARE','EXPENSE',0.5,'Glenn',22,2017);
Insert into CATEGORY_T (name, type, deduction, usr, sortorder, fye) values ('WITHDRAWAL','WITHDRAWAL',0,'Glenn',99,2017);
Insert into CATEGORY_T (name, type, deduction, usr, sortorder, fye) values ('ACCOM','RECREATION',0,'Glenn',66,2017);
Insert into CATEGORY_T (name, type, deduction, usr, sortorder, fye) values ('DINING','FOOD',0,'Glenn',33,2017);
Insert into CATEGORY_T (name, type, deduction, usr, sortorder, fye) values ('WHITE GOODS','EXPENSE',0.5,'Glenn',22,2017);
Insert into CATEGORY_T (name, type, deduction, usr, sortorder, fye) values ('BARGE','TRANSPORT',0,'Glenn',67,2017);
Insert into CATEGORY_T (name, type, deduction, usr, sortorder, fye) values ('FINE','TRANSPORT',0,'Glenn',67,2017);
Insert into CATEGORY_T (name, type, deduction, usr, sortorder, fye) values ('PETROL TOYOTA','CAR',0,'Glenn',70,2017);
Insert into CATEGORY_T (name, type, deduction, usr, sortorder, fye) values ('MUSIC','RECREATION',0,'Glenn',66,2017);
Insert into CATEGORY_T (name, type, deduction, usr, sortorder, fye) values ('QSUPER','INCOME',0,'Glenn',11,2017);
Insert into CATEGORY_T (name, type, deduction, usr, sortorder, fye) values ('SERVICE VW','CAR',0,'Glenn',70,2017);
Insert into CATEGORY_T (name, type, deduction, usr, sortorder, fye) values ('CHARITY','DEDUCTION',1,'Glenn',33,2017);
Insert into CATEGORY_T (name, type, deduction, usr, sortorder, fye) values ('ART','HOMEWARE',0,'Glenn',44,2017);
Insert into CATEGORY_T (name, type, deduction, usr, sortorder, fye) values ('WATER TAXI','TRANSPORT',0,'Glenn',67,2017);
Insert into CATEGORY_T (name, type, deduction, usr, sortorder, fye) values ('PHONE','EXPENSE',0.5,'Glenn',22,2017);
Insert into CATEGORY_T (name, type, deduction, usr, sortorder, fye) values ('AIR BNB INSURANCE','EXPENSE',1,'Glenn',22,2017);
Insert into CATEGORY_T (name, type, deduction, usr, sortorder, fye) values ('MEDICAL','DEDUCTION',1,'Glenn',33,2017);
Insert into CATEGORY_T (name, type, deduction, usr, sortorder, fye) values ('INTERNET','EXPENSE',0.5,'Glenn',22,2017);
Insert into CATEGORY_T (name, type, deduction, usr, sortorder, fye) values ('TAX_AGENT','DEDUCTION',1,'Glenn',33,2017);
Insert into CATEGORY_T (name, type, deduction, usr, sortorder, fye) values ('ALCOHOL','FOOD',0,'Glenn',33,2017);
Insert into CATEGORY_T (name, type, deduction, usr, sortorder, fye) values ('POWER','EXPENSE',0.5,'Glenn',22,2017);
Insert into CATEGORY_T (name, type, deduction, usr, sortorder, fye) values ('PARKING','TRANSPORT',0,'Glenn',67,2017);
Insert into CATEGORY_T (name, type, deduction, usr, sortorder, fye) values ('PETROL VW','CAR',0,'Glenn',70,2017);
Insert into CATEGORY_T (name, type, deduction, usr, sortorder, fye) values ('REGO VW','CAR',0,'Glenn',70,2017);
Insert into CATEGORY_T (name, type, deduction, usr, sortorder, fye) values ('HOUSE INSURANCE','EXPENSE',0.5,'Glenn',22,2017);
Insert into CATEGORY_T (name, type, deduction, usr, sortorder, fye) values ('BUS','TRANSPORT',0,'Glenn',67,2017);
Insert into CATEGORY_T (name, type, deduction, usr, sortorder, fye) values ('RATES','EXPENSE',0.5,'Glenn',22,2017);
Insert into CATEGORY_T (name, type, deduction, usr, sortorder, fye) values ('GAS','EXPENSE',0.5,'Glenn',22,2017);
Insert into CATEGORY_T (name, type, deduction, usr, sortorder, fye) values ('FISHING','RECREATION',0,'Glenn',66,2017);
Insert into CATEGORY_T (name, type, deduction, usr, sortorder, fye) values ('REGO TOYOTA','CAR',0,'Glenn',70,2017);
Insert into CATEGORY_T (name, type, deduction, usr, sortorder, fye) values ('TRANSFER','TRANSFER',0,'Glenn',99,2017);
Insert into CATEGORY_T (name, type, deduction, usr, sortorder, fye) values ('DEPOSIT','DEPOSIT',0,'Glenn',99,2017);
Insert into CATEGORY_T (name, type, deduction, usr, sortorder, fye) values ('BANK FEE','DEDUCTION',1,'Glenn',33,2017);
Insert into CATEGORY_T (name, type, deduction, usr, sortorder, fye) values ('AIR BNB','INCOME',0,'Glenn',11,2017);
Insert into CATEGORY_T (name, type, deduction, usr, sortorder, fye) values ('UQ','INCOME',0,'Glenn',11,2017);
Insert into CATEGORY_T (name, type, deduction, usr, sortorder, fye) values ('SERVICE TOYOTA','CAR',0,'Glenn',70,2017);
Insert into CATEGORY_T (name, type, deduction, usr, sortorder, fye) values ('REGO SUBARU','CAR',0,'Glenn',70,2017);
Insert into CATEGORY_T (name, type, deduction, usr, sortorder, fye) values ('PETROL SUBARU','CAR',0,'Glenn',70,2017);
Insert into CATEGORY_T (name, type, deduction, usr, sortorder, fye) values ('SERVICE SUBARU','CAR',0,'Glenn',70,2017);
Insert into CATEGORY_T (name, type, deduction, usr, sortorder, fye) values ('GROCERIES','FOOD',0,'Glenn',33,2017);
Insert into CATEGORY_T (name, type, deduction, usr, sortorder, fye) values ('CREDIT CARD','TRANSFER',0,'Glenn',99,2017);
Insert into CATEGORY_T (name, type, deduction, usr, sortorder, fye) values ('REPAIRS','EXPENSE',0.5,'Glenn',22,2017);
Insert into CATEGORY_T (name, type, deduction, usr, sortorder, fye) values ('HOMEWARE','EXPENSE',0.5,'Glenn',22,2017);
Insert into CATEGORY_T (name, type, deduction, usr, sortorder, fye) values ('TRAVEL','TRAVEL',0,'Glenn',68,2017);
Insert into CATEGORY_T (name, type, deduction, usr, sortorder, fye) values ('CHOOKS','FOOD',0.5,'Glenn',33,2017);
Insert into CATEGORY_T (name, type, deduction, usr, sortorder, fye) values ('RACQ','TRANSPORT',0,'Glenn',67,2017);
Insert into CATEGORY_T (name, type, deduction, usr, sortorder, fye) values ('INTEREST','INCOME',1,'Glenn',11,2017);

Insert into CAT_TRANS_LNK_T (category, search, usr, fye) values ('DINING','POINT LOOKOUT BLUE R','Jennie',2017);
Insert into CAT_TRANS_LNK_T (category, search, usr, fye) values ('INTERBANK TRANSFER','INTERNET TRANSFER DEBIT TO 450201286 REFERENCE NO 54613381 tax','Jennie',2017);
Insert into CAT_TRANS_LNK_T (category, search, usr, fye) values ('SERVICE VW','RABY BAY TYRE','Jennie',2017);
Insert into CAT_TRANS_LNK_T (category, search, usr, fye) values ('BANK FEE','FOREIGN CURRENCY CONVERSION FEE','Jennie',2017);
Insert into CAT_TRANS_LNK_T (category, search, usr, fye) values ('ACCOM','Agnes Water','Jennie',2017);
Insert into CAT_TRANS_LNK_T (category, search, usr, fye) values ('GROCERIES','ISLAND FRUIT BARN','Jennie',2017);
Insert into CAT_TRANS_LNK_T (category, search, usr, fye) values ('PARKING','UQ TRAFFIC AND PARK','Jennie',2017);
Insert into CAT_TRANS_LNK_T (category, search, usr, fye) values ('DINING','SKIPS FIRST STOP DUNWICH','Jennie',2017);
Insert into CAT_TRANS_LNK_T (category, search, usr, fye) values ('GROCERIES','IGA','Jennie',2017);
Insert into CAT_TRANS_LNK_T (category, search, usr, fye) values ('HARDWARE','MITRE 10','Jennie',2017);
Insert into CAT_TRANS_LNK_T (category, search, usr, fye) values ('GROCERIES','CLEVELAND FRUIT BARN','Jennie',2017);
Insert into CAT_TRANS_LNK_T (category, search, usr, fye) values ('HAIR AND BEAUTY','Activeskin Solutions','Jennie',2017);
Insert into CAT_TRANS_LNK_T (category, search, usr, fye) values ('GROCERIES','POINT LOOKOUT NEWS','Jennie',2017);
Insert into CAT_TRANS_LNK_T (category, search, usr, fye) values ('INTERBANK TRANSFER','Bell speedy bell - DIRECT CREDIT','Jennie',2017);
Insert into CAT_TRANS_LNK_T (category, search, usr, fye) values ('INTERBANK TRANSFER','INTERNET TRANSFER CREDIT FROM 450201286 REF NO 54529402 surf trip','Jennie',2017);
Insert into CAT_TRANS_LNK_T (category, search, usr, fye) values ('INTERBANK TRANSFER','INTERNET EXTERNAL TRANSFER TO 923100 036362017 REF NO 17695631 ing startup','Jennie',2017);
Insert into CAT_TRANS_LNK_T (category, search, usr, fye) values ('HOMEWARE','HARVEY NORMAN','Jennie',2017);
Insert into CAT_TRANS_LNK_T (category, search, usr, fye) values ('MEDICAL','EW LEAF NATRL THRPIES WYNNUM','Jennie',2017);
Insert into CAT_TRANS_LNK_T (category, search, usr, fye) values ('MEDICAL','LOGAN HEART SERVICE','Jennie',2017);
Insert into CAT_TRANS_LNK_T (category, search, usr, fye) values ('MEDICAL','EW LEAF','Jennie',2017);
Insert into CAT_TRANS_LNK_T (category, search, usr, fye) values ('CHARITY','NIGHT NINJAS','Jennie',2017);
Insert into CAT_TRANS_LNK_T (category, search, usr, fye) values ('TRAVEL','BNEAIR BNEAIR Int LS Dep Brisban - Receipt 5669ATM owner fee of $2.50 charged by BNEAIR BNEAIR Int LS Dep BrisbanDate 30 Jan 2017 Time 9:27PM Card 462263xxxxxx4176','Jennie',2017);
Insert into CAT_TRANS_LNK_T (category, search, usr, fye) values ('INTERBANK TRANSFER','INTERNET TRANSFER DEBIT TO 29272623','Jennie',2017);
Insert into CAT_TRANS_LNK_T (category, search, usr, fye) values ('PARKING','BAC PARKING','Jennie',2017);
Insert into CAT_TRANS_LNK_T (category, search, usr, fye) values ('DINING','MOGO TRADING','Jennie',2017);
Insert into CAT_TRANS_LNK_T (category, search, usr, fye) values ('ALCOHOL','MANNYS DELI','Jennie',2017);
Insert into CAT_TRANS_LNK_T (category, search, usr, fye) values ('ALCOHOL','LIQUORLAND','Jennie',2017);
Insert into CAT_TRANS_LNK_T (category, search, usr, fye) values ('FISHING','EARLY BAIT AND TACKL ULLADULLA','Jennie',2017);
Insert into CAT_TRANS_LNK_T (category, search, usr, fye) values ('MEDICAL','ULLADULLA PHARMAC','Jennie',2017);
Insert into CAT_TRANS_LNK_T (category, search, usr, fye) values ('DINING','SIX SISTERS LAKES ENTRAN','Jennie',2017);
Insert into CAT_TRANS_LNK_T (category, search, usr, fye) values ('DINING','THE COFFEE CLUB','Jennie',2017);
Insert into CAT_TRANS_LNK_T (category, search, usr, fye) values ('DINING','CGS COFFEE and GRUB BETHANIA','Jennie',2017);
Insert into CAT_TRANS_LNK_T (category, search, usr, fye) values ('MEDICAL','Stradbroke Pharmacy Dunwich','Jennie',2017);
Insert into CAT_TRANS_LNK_T (category, search, usr, fye) values ('ACCOM','BRUNSWICK VILLAGE GREEN','Jennie',2017);
Insert into CAT_TRANS_LNK_T (category, search, usr, fye) values ('HOMEWARE','DELUXE LINEN','Jennie',2017);
Insert into CAT_TRANS_LNK_T (category, search, usr, fye) values ('GROCERIES','MICKS NUT SHOP','Jennie',2017);
Insert into CAT_TRANS_LNK_T (category, search, usr, fye) values ('HAIR AND BEAUTY','BEAUTY AT BARDON','Jennie',2017);
Insert into CAT_TRANS_LNK_T (category, search, usr, fye) values ('INTERBANK TRANSFER','Initial Deposit - Internal Transfer - Receipt 696801 Savings Maximiser 0089263069','Jennie',2017);
Insert into CAT_TRANS_LNK_T (category, search, usr, fye) values ('ACCOM','Esther Lodge H 3118973 TATHRA','Jennie',2017);
Insert into CAT_TRANS_LNK_T (category, search, usr, fye) values ('HARDWARE','INTERNET EXTERNAL TRANSFER TO 923100 035245805 REF NO 22736460 Building supplies','Jennie',2017);
Insert into CAT_TRANS_LNK_T (category, search, usr, fye) values ('HAIR AND BEAUTY','SQ*STRANDED','Jennie',2017);
Insert into CAT_TRANS_LNK_T (category, search, usr, fye) values ('DINING','CAFE ARABICA','Jennie',2017);
Insert into CAT_TRANS_LNK_T (category, search, usr, fye) values ('HOMEWARE','DYMOCKS CARINDALE','Jennie',2017);
Insert into CAT_TRANS_LNK_T (category, search, usr, fye) values ('HOMEWARE','SQ*STARFISH STUDIO','Jennie',2017);
Insert into CAT_TRANS_LNK_T (category, search, usr, fye) values ('BARGE','Stradbroke F*','Jennie',2017);
Insert into CAT_TRANS_LNK_T (category, search, usr, fye) values ('PETROL VW','BP ','Jennie',2017);
Insert into CAT_TRANS_LNK_T (category, search, usr, fye) values ('GROCERIES','COLES','Jennie',2017);
Insert into CAT_TRANS_LNK_T (category, search, usr, fye) values ('BANK FEE','VISA CASH ADVANCE FEE','Jennie',2017);
Insert into CAT_TRANS_LNK_T (category, search, usr, fye) values ('MEDICAL','BUPA','Jennie',2017);
Insert into CAT_TRANS_LNK_T (category, search, usr, fye) values ('FISHING','STRADDIE SUPER SPORT','Jennie',2017);
Insert into CAT_TRANS_LNK_T (category, search, usr, fye) values ('MEDICAL','Dr D Turkiewicz Greenslope','Jennie',2017);
Insert into CAT_TRANS_LNK_T (category, search, usr, fye) values ('MEDICAL','MALOUF GROUP PHMCY','Jennie',2017);
Insert into CAT_TRANS_LNK_T (category, search, usr, fye) values ('HOMEWARE','MYER LOGAN LOGANHOLME','Jennie',2017);
Insert into CAT_TRANS_LNK_T (category, search, usr, fye) values ('GROCERIES','SPAR MACLEAN','Jennie',2017);
Insert into CAT_TRANS_LNK_T (category, search, usr, fye) values ('ALCOHOL','MACLEAN CELLARS','Jennie',2017);
Insert into CAT_TRANS_LNK_T (category, search, usr, fye) values ('PARKING','BATHURST REGN COUNCIL','Jennie',2017);
Insert into CAT_TRANS_LNK_T (category, search, usr, fye) values ('ART','WITZIG and ASSOCIATES','Jennie',2017);
Insert into CAT_TRANS_LNK_T (category, search, usr, fye) values ('DINING','CafeEscargot','Jennie',2017);
Insert into CAT_TRANS_LNK_T (category, search, usr, fye) values ('PETROL VW','CALTEX','Jennie',2017);
Insert into CAT_TRANS_LNK_T (category, search, usr, fye) values ('DINING','EL CAMINODE BULLI','Jennie',2017);
Insert into CAT_TRANS_LNK_T (category, search, usr, fye) values ('DINING','THE BEAN and LEAF CAFE','Jennie',2017);
Insert into CAT_TRANS_LNK_T (category, search, usr, fye) values ('DINING','SHEESH','Jennie',2017);
Insert into CAT_TRANS_LNK_T (category, search, usr, fye) values ('REPAIRS','014274347582599 REF NO 9458540','Jennie',2017);
Insert into CAT_TRANS_LNK_T (category, search, usr, fye) values ('DINING','LA DOLCE VITA','Jennie',2017);
Insert into CAT_TRANS_LNK_T (category, search, usr, fye) values ('DINING','Spirithouse Yandina','Jennie',2017);
Insert into CAT_TRANS_LNK_T (category, search, usr, fye) values ('TRAVEL','TIGER AIR','Jennie',2017);
Insert into CAT_TRANS_LNK_T (category, search, usr, fye) values ('DINING','THAISONS','Jennie',2017);
Insert into CAT_TRANS_LNK_T (category, search, usr, fye) values ('DINING','CW CORNUBIA','Jennie',2017);
Insert into CAT_TRANS_LNK_T (category, search, usr, fye) values ('DINING','GRAND VIEW HOTEL','Jennie',2017);
Insert into CAT_TRANS_LNK_T (category, search, usr, fye) values ('GROCERIES','THE ORMISTON BAKERY','Jennie',2017);
Insert into CAT_TRANS_LNK_T (category, search, usr, fye) values ('GROCERIES','WATERFORD DIS FRUIT','Jennie',2017);
Insert into CAT_TRANS_LNK_T (category, search, usr, fye) values ('GROCERIES','LA BOUCHE WELLINGTON','Jennie',2017);
Insert into CAT_TRANS_LNK_T (category, search, usr, fye) values ('DINING','GLOBAL FINE FOOD ASHGROVE','Jennie',2017);
Insert into CAT_TRANS_LNK_T (category, search, usr, fye) values ('PHONE','OFFICEWORKS','Jennie',2017);
Insert into CAT_TRANS_LNK_T (category, search, usr, fye) values ('DINING','Stradbroke Hotel','Jennie',2017);
Insert into CAT_TRANS_LNK_T (category, search, usr, fye) values ('PETROL VW','QLD MOTORWAYS MANAGEME EIGHT','Jennie',2017);
Insert into CAT_TRANS_LNK_T (category, search, usr, fye) values ('GROCERIES','MANNYS FRUIT MARKET','Jennie',2017);
Insert into CAT_TRANS_LNK_T (category, search, usr, fye) values ('DINING','WOODFIRED ETC TATHRA','Jennie',2017);
Insert into CAT_TRANS_LNK_T (category, search, usr, fye) values ('GROCERIES','DRAKE SUPERMARKET','Jennie',2017);
Insert into CAT_TRANS_LNK_T (category, search, usr, fye) values ('ACCOM','VISA CASH ADV 00000000000/HT MERCURE PADANG  21/01 ID 1250000.000 IDR','Jennie',2017);
Insert into CAT_TRANS_LNK_T (category, search, usr, fye) values ('HAIR AND BEAUTY','REV SIMPLY ME CLEVELAND  CLEVELAND AU','Jennie',2017);
Insert into CAT_TRANS_LNK_T (category, search, usr, fye) values ('ALCOHOL','WATERFORD DISCOUNT  HILTON  AU','Jennie',2017);
Insert into CAT_TRANS_LNK_T (category, search, usr, fye) values ('PARKING','TRANSLINK BRISBANE  18/02 AU AUD','Jennie',2017);
Insert into CAT_TRANS_LNK_T (category, search, usr, fye) values ('PETROL TOYOTA','STRADDIE ROADHOUSE','Jennie',2017);
Insert into CAT_TRANS_LNK_T (category, search, usr, fye) values ('HOMEWARE','BOOKDEPOSITORY','Jennie',2017);
Insert into CAT_TRANS_LNK_T (category, search, usr, fye) values ('AIR BNB','CITIBANK EUROPE Worldpay AP Ltd','Jennie',2017);
Insert into CAT_TRANS_LNK_T (category, search, usr, fye) values ('MEDICAL','Queensland X-Ray','Jennie',2017);
Insert into CAT_TRANS_LNK_T (category, search, usr, fye) values ('GROCERIES','BRUNSWICKVILLAGEGREENS BRUNSWICK HE 07/12 NS 47.110 AUD','Jennie',2017);
Insert into CAT_TRANS_LNK_T (category, search, usr, fye) values ('GROCERIES','STRADBROKE ISLAND BUT','Jennie',2017);
Insert into CAT_TRANS_LNK_T (category, search, usr, fye) values ('ACCOM','RMS*Takarakka Bush R 0383999462 26/03 AU AUD','Jennie',2017);
Insert into CAT_TRANS_LNK_T (category, search, usr, fye) values ('HOMEWARE','Surfstreet Point Lookou 28/12 AU AUD','Jennie',2017);
Insert into CAT_TRANS_LNK_T (category, search, usr, fye) values ('HOMEWARE','UQ MORETON BAY STATI  NORTH STRA AU','Jennie',2017);
Insert into CAT_TRANS_LNK_T (category, search, usr, fye) values ('FISHING','MOSSOPS','Jennie',2017);
Insert into CAT_TRANS_LNK_T (category, search, usr, fye) values ('GROCERIES','STRADDIE NEWS','Jennie',2017);
Insert into CAT_TRANS_LNK_T (category, search, usr, fye) values ('REPAIRS','014218 254857661 REF NO 13269380 Inv* 3884','Jennie',2017);
Insert into CAT_TRANS_LNK_T (category, search, usr, fye) values ('MEDICAL','Dr D Turkiewicz   Greenslope AU','Jennie',2017);
Insert into CAT_TRANS_LNK_T (category, search, usr, fye) values ('REPAIRS','INTERNET EXTERNAL TRANSFER TO 014274 347582599 REF NO 94585401 BELL GL 108898','Jennie',2017);
Insert into CAT_TRANS_LNK_T (category, search, usr, fye) values ('ART','Salt water Mur','Jennie',2017);
Insert into CAT_TRANS_LNK_T (category, search, usr, fye) values ('ACCOM','Esther Lodge H3118973 TATHRA2  AU','Jennie',2017);
Insert into CAT_TRANS_LNK_T (category, search, usr, fye) values ('DINING','DAX AUST PTY LTD TA BRUNSWICK HE 07/12 AU AUD','Jennie',2017);
Insert into CAT_TRANS_LNK_T (category, search, usr, fye) values ('GROCERIES','RUFUS KING SEAFOODS','Jennie',2017);
Insert into CAT_TRANS_LNK_T (category, search, usr, fye) values ('INTERBANK TRANSFER','BELL ins isp - DIRECT CREDIT','Jennie',2017);
Insert into CAT_TRANS_LNK_T (category, search, usr, fye) values ('ACCOM','BRENLAW PTY LTD   ABERDEEN  AU','Jennie',2017);
Insert into CAT_TRANS_LNK_T (category, search, usr, fye) values ('TRAVEL','OEH WOMBEYAN CAVES TARALGA  15/12 AU AUD','Jennie',2017);
Insert into CAT_TRANS_LNK_T (category, search, usr, fye) values ('GROCERIES','NORTH STRADBROKE FOO  DUNWICH','Jennie',2017);
Insert into CAT_TRANS_LNK_T (category, search, usr, fye) values ('GROCERIES','NORTH STRADBROKE FOO DUNWICH','Jennie',2017);
Insert into CAT_TRANS_LNK_T (category, search, usr, fye) values ('HOMEWARE','POST DUNWICH LPO DUNWICH  03/08 AU AUD','Jennie',2017);
Insert into CAT_TRANS_LNK_T (category, search, usr, fye) values ('DINING','CWH CORNUBIA       AU','Jennie',2017);
Insert into CAT_TRANS_LNK_T (category, search, usr, fye) values ('HOMEWARE','MIRAJE HOME DECOR','Jennie',2017);
Insert into CAT_TRANS_LNK_T (category, search, usr, fye) values ('HAIR AND BEAUTY','SIMPLY ME CLEVELAND','Jennie',2017);
Insert into CAT_TRANS_LNK_T (category, search, usr, fye) values ('GROCERIES','WOOLWORTHS','Jennie',2017);
Insert into CAT_TRANS_LNK_T (category, search, usr, fye) values ('PARKING','VISA CREDIT  TRANSLINK BRISBANE  26/04 AU AUD','Jennie',2017);
Insert into CAT_TRANS_LNK_T (category, search, usr, fye) values ('GROCERIES','NORTH STRADBROKE FOODW DUNWICH','Jennie',2017);
Insert into CAT_TRANS_LNK_T (category, search, usr, fye) values ('CHARITY','PCYC NAT LOTTERIE QLD WHALAN  02/12 AU AUD','Jennie',2017);
Insert into CAT_TRANS_LNK_T (category, search, usr, fye) values ('TRAVEL','Tickets.com Pty Ltd th WollongNS 09/09 AU AUD','Jennie',2017);
Insert into CAT_TRANS_LNK_T (category, search, usr, fye) values ('HOMEWARE','PILLOW TALK PTY LTD','Jennie',2017);
Insert into CAT_TRANS_LNK_T (category, search, usr, fye) values ('INTERBANK TRANSFER','INTERNET TRANSFER CREDIT FROM 24243293 REF NO 37919321 vw','Jennie',2017);
Insert into CAT_TRANS_LNK_T (category, search, usr, fye) values ('HOMEWARE','UQ MORETON BAY STATI','Jennie',2017);
Insert into CAT_TRANS_LNK_T (category, search, usr, fye) values ('HAIR AND BEAUTY','SHOE IN PTY LTD','Jennie',2017);
Insert into CAT_TRANS_LNK_T (category, search, usr, fye) values ('HOMEWARE','PT LOOKOUT SOUVENIRS','Jennie',2017);
Insert into CAT_TRANS_LNK_T (category, search, usr, fye) values ('INTERBANK TRANSFER','INTERNET TRANSFER CREDIT FROM 450201286 REF NO 59770341 xmas','Jennie',2017);
Insert into CAT_TRANS_LNK_T (category, search, usr, fye) values ('HAIR AND BEAUTY','STUDIO DIAMONDS','Jennie',2017);
Insert into CAT_TRANS_LNK_T (category, search, usr, fye) values ('INTERBANK TRANSFER','INTERNET TRANSFER CREDIT FROM 29272623 REF NO 78320500','Jennie',2017);
Insert into CAT_TRANS_LNK_T (category, search, usr, fye) values ('INTERBANK TRANSFER','INTERNET TRANSFER DEBIT TO 29272623 REFERENCE NO 4865912 EFFECTIVE DATE 16/09/2016','Jennie',2017);
Insert into CAT_TRANS_LNK_T (category, search, usr, fye) values ('MEDICAL INS REFUND','MCARE BENEFITS 003079056 EYWQ - DIRECT CREDIT','Jennie',2017);
Insert into CAT_TRANS_LNK_T (category, search, usr, fye) values ('MEDICAL','BARDON SMILES PTY LTD','Jennie',2017);
Insert into CAT_TRANS_LNK_T (category, search, usr, fye) values ('MEDICAL INS REFUND','MCARE BENEFITS','Jennie',2017);
Insert into CAT_TRANS_LNK_T (category, search, usr, fye) values ('HAIR AND BEAUTY','SQ *STRANDED ON STRAD','Jennie',2017);
Insert into CAT_TRANS_LNK_T (category, search, usr, fye) values ('BANK FEE','ATM Rebate - Receipt 6368We paid the ATM fee for you!','Jennie',2017);
Insert into CAT_TRANS_LNK_T (category, search, usr, fye) values ('CWTH SUPER','CSC       60640077PS','Jennie',2017);
Insert into CAT_TRANS_LNK_T (category, search, usr, fye) values ('BANK FEE','ATM Rebate','Jennie',2017);
Insert into CAT_TRANS_LNK_T (category, search, usr, fye) values ('GROCERIES','DCP-Foodworks Point LooSt radbroke Is','Jennie',2017);
Insert into CAT_TRANS_LNK_T (category, search, usr, fye) values ('DINING','LITTLE PRINCE EATIN','Jennie',2017);
Insert into CAT_TRANS_LNK_T (category, search, usr, fye) values ('HOMEWARE','SQ *STARFISH STUDIO','Jennie',2017);
Insert into CAT_TRANS_LNK_T (category, search, usr, fye) values ('INTERBANK TRANSFER','Transfer to G C BELL - Receipt 211301 To 484799 24243293 - Transfer to G C BELL - Receipt 211301 To 484799 24243293','Jennie',2017);
Insert into CAT_TRANS_LNK_T (category, search, usr, fye) values ('CLOTHING','DBS MENWEAR','Jennie',2017);
Insert into CAT_TRANS_LNK_T (category, search, usr, fye) values ('POST','POST  POINT LOOKOUT','Jennie',2017);
Insert into CAT_TRANS_LNK_T (category, search, usr, fye) values ('INTERBANK TRANSFER','1 - Internal Transfer - Receipt 235378 Savings Maximiser 0089263069','Jennie',2017);
Insert into CAT_TRANS_LNK_T (category, search, usr, fye) values ('INTERBANK TRANSFER','BELL GC     ing startup - Receipt 101688','Jennie',2017);
Insert into CAT_TRANS_LNK_T (category, search, usr, fye) values ('INTERBANK TRANSFER','rates and power - Transfer to G C BELL - Receipt 21490 To 484799 24243293','Jennie',2017);
Insert into CAT_TRANS_LNK_T (category, search, usr, fye) values ('HOMEWARE','R L KOPPENOL','Jennie',2017);
Insert into CAT_TRANS_LNK_T (category, search, usr, fye) values ('REPAIRS','INTERNET EXTERNAL TRANSFER TO 064466 010074783 REF NO 86207430 BELL, GC','Jennie',2017);
Insert into CAT_TRANS_LNK_T (category, search, usr, fye) values ('DINING','STRADBROKE RSL DUNWICH','Jennie',2017);
Insert into CAT_TRANS_LNK_T (category, search, usr, fye) values ('GROCERIES','ROLLESTON GENERAL ST ROLLESTON','Jennie',2017);
Insert into CAT_TRANS_LNK_T (category, search, usr, fye) values ('ACCOM','CARNARVON GORGE WILD','Jennie',2017);
Insert into CAT_TRANS_LNK_T (category, search, usr, fye) values ('INTERBANK TRANSFER','SUNCORP BANK CLEVELAND QL - Receipt 8307ATM owner fee of $2.00 charged by SUNCORP BANK CLEVELAND QLDate 09 Jun 2017 Time 1:20PM Card 462263xxxxxx4176','Jennie',2017);
Insert into CAT_TRANS_LNK_T (category, search, usr, fye) values ('INTERBANK TRANSFER','BELL GLENN COLIN','Jennie',2017);
Insert into CAT_TRANS_LNK_T (category, search, usr, fye) values ('ACCOM','STARLIGHT MOTOR INN ROMA - EFTPOS Purchase - Receipt 278Date 04 Jun 2017 Time 3:41PM Card 462263xxxxxx4176','Jennie',2017);
Insert into CAT_TRANS_LNK_T (category, search, usr, fye) values ('REGO SUBARU','TMR REG RENEW 48272      10249312514707 - BPAY Bill Payment - Receipt 9850 To TMR REG RENEW 48272 10249312514707','Jennie',2017);
Insert into CAT_TRANS_LNK_T (category, search, usr, fye) values ('INTERBANK TRANSFER','Transfer to G C BELL','Jennie',2017);
Insert into CAT_TRANS_LNK_T (category, search, usr, fye) values ('DINING','ASPIRATIONAL HOSPITA CHILDERS','Jennie',2017);
Insert into CAT_TRANS_LNK_T (category, search, usr, fye) values ('MEDICAL','MPH REDLANDS CLEVELAND - EFTPOS Purchase - Receipt 30085Date 18 Apr 2017 Time 1:11PM Card 462263xxxxxx4176','Jennie',2017);
Insert into CAT_TRANS_LNK_T (category, search, usr, fye) values ('INTERBANK TRANSFER','INTERNET TRANSFER CREDIT FROM 29272623 REF NO 16113311','Jennie',2017);
Insert into CAT_TRANS_LNK_T (category, search, usr, fye) values ('MEDICAL','CWH CAPALABA ','Jennie',2017);
Insert into CAT_TRANS_LNK_T (category, search, usr, fye) values ('ALCOHOL','L/LAND','Jennie',2017);
Insert into CAT_TRANS_LNK_T (category, search, usr, fye) values ('HARDWARE','INTERNET TRANSFER DEBIT TO 509220860 REFERENCE NO 27898441 stuff','Jennie',2017);
Insert into CAT_TRANS_LNK_T (category, search, usr, fye) values ('DINING','4 SIMPLICITY','Jennie',2017);
Insert into CAT_TRANS_LNK_T (category, search, usr, fye) values ('ALCOHOL','1ST CHOICE','Jennie',2017);
Insert into CAT_TRANS_LNK_T (category, search, usr, fye) values ('INTERBANK TRANSFER','INTERNET TRANSFER CREDIT FROM 29272623 REF NO 78058462','Jennie',2017);
Insert into CAT_TRANS_LNK_T (category, search, usr, fye) values ('DINING','PS SANDHU PTY LTD  ABERDEEN  AU - EFTPOS WDL','Jennie',2017);
Insert into CAT_TRANS_LNK_T (category, search, usr, fye) values ('REPAIRS','INTERNET EXTERNAL TRANSFER TO 014218 254857661 REF NO 13269380 Inv* 3884','Jennie',2017);
Insert into CAT_TRANS_LNK_T (category, search, usr, fye) values ('REPAIRS','INTERNET EXTERNAL TRANSFER TO 014218 254857661 REF NO 51495391 Inv* 3669','Jennie',2017);
Insert into CAT_TRANS_LNK_T (category, search, usr, fye) values ('INTERBANK TRANSFER','INTERNET EXTERNAL TRANSFER TO 923100 035245805 REF NO 58755310 Merry Xmas','Jennie',2017);
Insert into CAT_TRANS_LNK_T (category, search, usr, fye) values ('REPAIRS','INTERNET EXTERNAL TRANSFER TO 034115 000273629 REF NO 69043380 622507','Jennie',2017);
Insert into CAT_TRANS_LNK_T (category, search, usr, fye) values ('REGO SUBARU','TMR REG RENEW 48298      10245850093286 - BPAY Bill Payment - Receipt 535867 To TMR REG RENEW 48298 10245850093286','Jennie',2017);
Insert into CAT_TRANS_LNK_T (category, search, usr, fye) values ('PARKING','QUEENSLAND TRANSPORT  CLEVELAND AU - EFTPOS WDL','Jennie',2017);
Insert into CAT_TRANS_LNK_T (category, search, usr, fye) values ('GROCERIES','R.L KOPPENOL','Jennie',2017);
Insert into CAT_TRANS_LNK_T (category, search, usr, fye) values ('INTERBANK TRANSFER','INTERNET TRANSFER CREDIT FROM 509220860 REF NO 58883410 close','Jennie',2017);
Insert into CAT_TRANS_LNK_T (category, search, usr, fye) values ('RATES','BPAY DEBIT VIA INTERNET REDLAND COUNCIL','Jennie',2017);
Insert into CAT_TRANS_LNK_T (category, search, usr, fye) values ('POWER','BPAY DEBIT VIA INTERNET LUMO ENERGY','Jennie',2017);
Insert into CAT_TRANS_LNK_T (category, search, usr, fye) values ('HOUSE INSURANCE','BPAY DEBIT VIA INTERNET RACQ INSURANCE REFERENCE NUMBER  3369','Jennie',2017);
Insert into CAT_TRANS_LNK_T (category, search, usr, fye) values ('PHONE','BPAY DEBIT VIA INTERNET TELSTRA','Jennie',2017);
Insert into CAT_TRANS_LNK_T (category, search, usr, fye) values ('CREDIT CARD','BPAY DEBIT VIA INTERNET CITIBANK CREDITCARDS','Jennie',2017);
Insert into CAT_TRANS_LNK_T (category, search, usr, fye) values ('RACQ','BPAY DEBIT VIA INTERNET RACQ     92000093157329 REFERENCE NUMBER 32028391','Jennie',2017);
Insert into CAT_TRANS_LNK_T (category, search, usr, fye) values ('POWER','BPAY DEBIT VIA INTERNET RED ENERGY','Jennie',2017);
Insert into CAT_TRANS_LNK_T (category, search, usr, fye) values ('GAS','BPAY DEBIT VIA INTERNET ORIGIN ENERGY','Jennie',2017);
Insert into CAT_TRANS_LNK_T (category, search, usr, fye) values ('INTERBANK TRANSFER','BPAY DEBIT VIA INTERNET','Jennie',2017);
Insert into CAT_TRANS_LNK_T (category, search, usr, fye) values ('INTEREST','Interest Credit','Jennie',2017);
Insert into CAT_TRANS_LNK_T (category, search, usr, fye) values ('INTEREST','Bonus Interest Credit','Jennie',2017);
Insert into CAT_TRANS_LNK_T (category, search, usr, fye) values ('INTERBANK TRANSFER','Initial Deposit - Receipt 696801 - From Orange Everyday','Jennie',2017);
Insert into CAT_TRANS_LNK_T (category, search, usr, fye) values ('WHITE GOODS','JB HI FI - Visa Purchase - Receipt 171662In BRISBANE Date 30 Mar 2017 Card 462263xxxxxx4176','Jennie',2017);
Insert into CAT_TRANS_LNK_T (category, search, usr, fye) values ('WATER TAXI','STRADBROKE FLYER WATER','Jennie',2017);
Insert into CAT_TRANS_LNK_T (category, search, usr, fye) values ('MEDICAL','Medicare Benefit','Jennie',2017);
Insert into CAT_TRANS_LNK_T (category, search, usr, fye) values ('UQ','UNI OF QLD','Jennie',2017);
Insert into CAT_TRANS_LNK_T (category, search, usr, fye) values ('MUSIC','ALBUMWORKS','Jennie',2017);
Insert into CAT_TRANS_LNK_T (category, search, usr, fye) values ('HOMEWARE','SQ *MADE ON MINJERRIBA','Jennie',2017);
Insert into CAT_TRANS_LNK_T (category, search, usr, fye) values ('REPAIRS','014218 254857661 REF NO 51495391 Inv* 3669','Jennie',2017);
Insert into CAT_TRANS_LNK_T (category, search, usr, fye) values ('DINING','SHINGLE INN','Jennie',2017);
Insert into CAT_TRANS_LNK_T (category, search, usr, fye) values ('INTERBANK TRANSFER','BELL - DIRECT CREDIT','Jennie',2017);
Insert into CAT_TRANS_LNK_T (category, search, usr, fye) values ('QSUPER','QSUPER','Jennie',2017);
Insert into CAT_TRANS_LNK_T (category, search, usr, fye) values ('INTERBANK TRANSFER','Internal Transfer','Jennie',2017);
Insert into CAT_TRANS_LNK_T (category, search, usr, fye) values ('GROCERIES','STRADDIE BAKERY','Jennie',2017);
Insert into CAT_TRANS_LNK_T (category, search, usr, fye) values ('HOMEWARE','Sunburst Outdoor Livin','Jennie',2017);
Insert into CAT_TRANS_LNK_T (category, search, usr, fye) values ('TAX','ATO','Jennie',2017);
Insert into CAT_TRANS_LNK_T (category, search, usr, fye) values ('CHARITY','World Vision','Jennie',2017);
Insert into CAT_TRANS_LNK_T (category, search, usr, fye) values ('GROCERIES','STRADBROKE ISLAN DBUT','Jennie',2017);
Insert into CAT_TRANS_LNK_T (category, search, usr, fye) values ('HOMEWARE','Orchid Floral Design','Jennie',2017);
Insert into CAT_TRANS_LNK_T (category, search, usr, fye) values ('HARDWARE','BUNNINGS','Jennie',2017);
Insert into CAT_TRANS_LNK_T (category, search, usr, fye) values ('DINING','WORDSMITHS CAFE','Jennie',2017);
Insert into CAT_TRANS_LNK_T (category, search, usr, fye) values ('QLD HEALTH','QUEENSLAND HEALT SALARY 00190392','Jennie',2017);
Insert into CAT_TRANS_LNK_T (category, search, usr, fye) values ('INTERNET','IINET','Jennie',2017);
Insert into CAT_TRANS_LNK_T (category, search, usr, fye) values ('PARKING','BCC ON-STREET PARKING','Jennie',2017);
Insert into CAT_TRANS_LNK_T (category, search, usr, fye) values ('FISHING','BCF','Jennie',2017);
Insert into CAT_TRANS_LNK_T (category, search, usr, fye) values ('ALCOHOL','MAROOCHYDORE DISCOUN MAROOCHYDORE 10/08 AU AUD','Jennie',2017);
Insert into CAT_TRANS_LNK_T (category, search, usr, fye) values ('ACCOM','NEWMARKET GARDENS CARA ASHGROVE','Jennie',2017);
Insert into CAT_TRANS_LNK_T (category, search, usr, fye) values ('ALCOHOL','DAN MURPHY''S','Jennie',2017);
Insert into CAT_TRANS_LNK_T (category, search, usr, fye) values ('INTERBANK TRANSFER','INTERNET TRANSFER CREDIT FROM 29272623','Jennie',2017);
Insert into CAT_TRANS_LNK_T (category, search, usr, fye) values ('DINING','MURA TRAIN SUSHI','Jennie',2017);
Insert into CAT_TRANS_LNK_T (category, search, usr, fye) values ('PARKING','BPAY DEBIT VIA INTERNET SDRO PENALTIES  89460788327336 REFERENCE NUMBER 52889322','Jennie',2017);
Insert into CAT_TRANS_LNK_T (category, search, usr, fye) values ('DINING','WHALES WAY','Jennie',2017);
Insert into CAT_TRANS_LNK_T (category, search, usr, fye) values ('ACCOM','TAKARU NATIONAL PROP ROLLESTON','Jennie',2017);
Insert into CAT_TRANS_LNK_T (category, search, usr, fye) values ('DINING','RED LOTUS','Jennie',2017);
Insert into CAT_TRANS_LNK_T (category, search, usr, fye) values ('HOMEWARE','REDLANDS INDIGISCAPE','Jennie',2017);
Insert into CAT_TRANS_LNK_T (category, search, usr, fye) values ('GROCERIES','WHO GIVES A CRA','Jennie',2017);
Insert into CAT_TRANS_LNK_T (category, search, usr, fye) values ('DINING','OCEANIC GELATI','Jennie',2017);
Insert into CAT_TRANS_LNK_T (category, search, usr, fye) values ('DINING','SING''S ASIAN KITCHEN','Jennie',2017);
Insert into CAT_TRANS_LNK_T (category, search, usr, fye) values ('HARDWARE','PADDINGTON HARDWARE','Jennie',2017);
Insert into CAT_TRANS_LNK_T (category, search, usr, fye) values ('HARDWARE','923100035245805 REF NO 22736460 Building supplies','Jennie',2017);
Insert into CAT_TRANS_LNK_T (category, search, usr, fye) values ('MEDICAL','CHEMIST WAREHOUSE','Jennie',2017);
Insert into CAT_TRANS_LNK_T (category, search, usr, fye) values ('HOMEWARE','UQ MORETONBAY STATI','Jennie',2017);
Insert into CAT_TRANS_LNK_T (category, search, usr, fye) values ('DINING','LITTLE SHIP CLUB','Jennie',2017);
Insert into CAT_TRANS_LNK_T (category, search, usr, fye) values ('HOMEWARE','ARBONNE EUROPE','Jennie',2017);
Insert into CAT_TRANS_LNK_T (category, search, usr, fye) values ('MEDICAL','ORMISTON FAMILY PHAR','Jennie',2017);
Insert into CAT_TRANS_LNK_T (category, search, usr, fye) values ('HARDWARE','STRADDIE SERVO','Jennie',2017);
Insert into CAT_TRANS_LNK_T (category, search, usr, fye) values ('DINING','UNITED CHURCHILL','Jennie',2017);
Insert into CAT_TRANS_LNK_T (category, search, usr, fye) values ('DINING','THE HIDDEN DONUT ABERDEEN','Jennie',2017);
Insert into CAT_TRANS_LNK_T (category, search, usr, fye) values ('BANK FEE','ACCOUNT KEEPING FEE','Jennie',2017);
Insert into CAT_TRANS_LNK_T (category, search, usr, fye) values ('DINING','Cafe Escargot','Jennie',2017);
Insert into CAT_TRANS_LNK_T (category, search, usr, fye) values ('MEDICAL','Invoice 18742 - Transfer to Dr V Swainsbury - Receipt 507237 To 084004 846163911','Jennie',2017);
Insert into CAT_TRANS_LNK_T (category, search, usr, fye) values ('WITHDRAWAL','ATM WITHDRAWAL','Jennie',2017);
Insert into CAT_TRANS_LNK_T (category, search, usr, fye) values ('BANK FEE','ATM OPERATOR FEE BALANCE ENQUIRY','Jennie',2017);
Insert into CAT_TRANS_LNK_T (category, search, usr, fye) values ('AIR BNB','ENVOY SERVICES','Jennie',2017);
Insert into CAT_TRANS_LNK_T (category, search, usr, fye) values ('GROCERIES','CLEVELAND TOBACCO','Jennie',2017);
Insert into CAT_TRANS_LNK_T (category, search, usr, fye) values ('INTERBANK TRANSFER','INTERNET TRANSFER CREDIT FROM 29272623 REF NO 96934471','Jennie',2017);
Insert into CAT_TRANS_LNK_T (category, search, usr, fye) values ('BANK FEE','ATM OPERATOR FEE WITHDRAWAL','Jennie',2017);
Insert into CAT_TRANS_LNK_T (category, search, usr, fye) values ('PETROL VW','WESTSIDE PETROLEUM BRAIDWOOD','Jennie',2017);
Insert into CAT_TRANS_LNK_T (category, search, usr, fye) values ('PHONE','VIRGIN MOBILE','Jennie',2017);
Insert into CAT_TRANS_LNK_T (category, search, usr, fye) values ('GROCERIES','THE PRAWN SHACK','Jennie',2017);
Insert into CAT_TRANS_LNK_T (category, search, usr, fye) values ('BARGE','STRADBROKE FERRIES','Jennie',2017);
Insert into CAT_TRANS_LNK_T (category, search, usr, fye) values ('SERVICE VW','AARONS MECHANICAL','Jennie',2017);
Insert into CAT_TRANS_LNK_T (category, search, usr, fye) values ('RATES','REDLAND COUNCIL','Jennie',2017);
Insert into CAT_TRANS_LNK_T (category, search, usr, fye) values ('INTERBANK TRANSFER','INTERNET TRANSFER DEBIT','Jennie',2017);
Insert into CAT_TRANS_LNK_T (category, search, usr, fye) values ('POWER','RED ENERGY','Jennie',2017);
Insert into CAT_TRANS_LNK_T (category, search, usr, fye) values ('PHONE','TELSTRA','Jennie',2017);
Insert into CAT_TRANS_LNK_T (category, search, usr, fye) values ('GROCERIES','BOBS SHOP','Jennie',2017);
Insert into CAT_TRANS_LNK_T (category, search, usr, fye) values ('INTERBANK TRANSFER','INTERNET TRANSFER CREDIT FROM 450201286 REF NO 90159710','Jennie',2017);
Insert into CAT_TRANS_LNK_T (category, search, usr, fye) values ('REGO VW','BPAY DEBIT VIA INTERNET TMR REG RENEW 48272 REFERENCE NUMBER  7099','Jennie',2017);
Insert into CAT_TRANS_LNK_T (category, search, usr, fye) values ('GROCERIES','Seymour St Newsagency','Jennie',2017);
Insert into CAT_TRANS_LNK_T (category, search, usr, fye) values ('DINING','LITTLE PRINCE EATIN TRARALGON','Jennie',2017);
Insert into CAT_TRANS_LNK_T (category, search, usr, fye) values ('SERVICE SUBARU','STRADBROKE AUTO','Jennie',2017);
Insert into CAT_TRANS_LNK_T (category, search, usr, fye) values ('MEDICAL','Pt Lookout Pharmacy','Jennie',2017);
Insert into CAT_TRANS_LNK_T (category, search, usr, fye) values ('GROCERIES','JOHN TRUMAN','Jennie',2017);
Insert into CAT_TRANS_LNK_T (category, search, usr, fye) values ('ALCOHOL','PAPABUNZ MBL JAKARTA  21/01 ID 109200.000 IDR','Jennie',2017);
Insert into CAT_TRANS_LNK_T (category, search, usr, fye) values ('ALCOHOL','PandC T3 DT CENTRAL SINGAPORE 21/01 SG 111.100 SGD','Jennie',2017);
Insert into CAT_TRANS_LNK_T (category, search, usr, fye) values ('REGO TOYOTA','BPAY DEBIT VIA INTERNET TMR REG RENEW 48272 REFERENCE NUMBER  9779','Jennie',2017);
Insert into CAT_TRANS_LNK_T (category, search, usr, fye) values ('CREDIT CARD','CITIBANK CREDIT CARDS','Jennie',2017);
Insert into CAT_TRANS_LNK_T (category, search, usr, fye) values ('PARKING','BAC PARKING ASCOT','Jennie',2017);
Insert into CAT_TRANS_LNK_T (category, search, usr, fye) values ('ALCOHOL','JR DUTY FRE','Jennie',2017);
Insert into CAT_TRANS_LNK_T (category, search, usr, fye) values ('MEDICAL','LGB MEDICAL GREENSLOPES','Jennie',2017);
Insert into CAT_TRANS_LNK_T (category, search, usr, fye) values ('GROCERIES','ALDI','Jennie',2017);
Insert into CAT_TRANS_LNK_T (category, search, usr, fye) values ('POWER','LUMO ENERGY','Jennie',2017);
Insert into CAT_TRANS_LNK_T (category, search, usr, fye) values ('GAS','ORIGIN ENERGY','Jennie',2017);
Insert into CAT_TRANS_LNK_T (category, search, usr, fye) values ('INTERBANK TRANSFER','1 - Receipt 235378 - From Orange Everyday','Jennie',2017);
Insert into CAT_TRANS_LNK_T (category, search, usr, fye) values ('MEDICAL','Queensland XRay','Jennie',2017);
Insert into CAT_TRANS_LNK_T (category, search, usr, fye) values ('MEDICAL','D P CARROL','Jennie',2017);
Insert into CAT_TRANS_LNK_T (category, search, usr, fye) values ('DINING','STARBUCKS','Jennie',2017);
Insert into CAT_TRANS_LNK_T (category, search, usr, fye) values ('TRAVEL','JETSTAR','Jennie',2017);
Insert into CAT_TRANS_LNK_T (category, search, usr, fye) values ('DINING','RAFFERTY''S CAFE','Jennie',2017);
Insert into CAT_TRANS_LNK_T (category, search, usr, fye) values ('PARKING','METRO PARKING','Jennie',2017);
Insert into CAT_TRANS_LNK_T (category, search, usr, fye) values ('HOMEWARE','THE REJECT SHOP','Jennie',2017);
Insert into CAT_TRANS_LNK_T (category, search, usr, fye) values ('HOMEWARE','NOREENS SEASIDE SHOP','Jennie',2017);
Insert into CAT_TRANS_LNK_T (category, search, usr, fye) values ('BANK FEE','TRANSACTION FEE','Jennie',2017);
Insert into CAT_TRANS_LNK_T (category, search, usr, fye) values ('HOMEWARE','BOOK DEPOSITORY','Jennie',2017);
Insert into CAT_TRANS_LNK_T (category, search, usr, fye) values ('CHOOKS','CAPALABA PRODUCE','Jennie',2017);
Insert into CAT_TRANS_LNK_T (category, search, usr, fye) values ('HOUSE INSURANCE','RACQ INSURANCE REFERENCE NUMBER 3369','Jennie',2017);
Insert into CAT_TRANS_LNK_T (category, search, usr, fye) values ('GROCERIES','STRADDIE BAKERY DUNWICH','Jennie',2017);
Insert into CAT_TRANS_LNK_T (category, search, usr, fye) values ('INTEREST','CREDIT INTEREST','Jennie',2017);
Insert into CAT_TRANS_LNK_T (category, search, usr, fye) values ('MEDICAL','STRADBROKE PHARMACY','Jennie',2017);
Insert into CAT_TRANS_LNK_T (category, search, usr, fye) values ('HARDWARE','STRADDIE SERVO DUNWICH','Jennie',2017);
Insert into CAT_TRANS_LNK_T (category, search, usr, fye) values ('RACQ','RACQ 92000093157329 REFERENCE NUMBER 32028391','Jennie',2017);
Insert into CAT_TRANS_LNK_T (category, search, usr, fye) values ('FISHING','STRADDIE SUPER SPORT DUNWICH','Jennie',2017);
Insert into CAT_TRANS_LNK_T (category, search, usr, fye) values ('MEDICAL','SURF STREET HEALTH POINT LOOKOU','Jennie',2017);
Insert into CAT_TRANS_LNK_T (category, search, usr, fye) values ('GROCERIES','WYNNUM FRUIT AND VEG','Jennie',2017);
Insert into CAT_TRANS_LNK_T (category, search, usr, fye) values ('GROCERIES','WRAY ORGANIC CLEVE','Jennie',2017);
Insert into CAT_TRANS_LNK_T (category, search, usr, fye) values ('FISHING','AMITY POINT INVEST','Jennie',2017);
Insert into CAT_TRANS_LNK_T (category, search, usr, fye) values ('DINING','ARRIVEDERCI','Jennie',2017);
Insert into CAT_TRANS_LNK_T (category, search, usr, fye) values ('SERVICE SUBARU','STRADBROKE AUTOMOTIV','Jennie',2017);
Insert into CAT_TRANS_LNK_T (category, search, usr, fye) values ('HOMEWARE','BOOKTOPIA','Jennie',2017);
Insert into CAT_TRANS_LNK_T (category, search, usr, fye) values ('ALCOHOL','DAN MURPHY','Jennie',2017);
Insert into CAT_TRANS_LNK_T (category, search, usr, fye) values ('TAX_AGENT','BIRD WALKER MCDONALD','Jennie',2017);
Insert into CAT_TRANS_LNK_T (category, search, usr, fye) values ('ACCOM','PSS AND HU PTY LTD ABERDEEN','Jennie',2017);
Insert into CAT_TRANS_LNK_T (category, search, usr, fye) values ('GROCERIES','BOOLARRA STORE','Jennie',2017);
Insert into CAT_TRANS_LNK_T (category, search, usr, fye) values ('DINING','DAX AUST PTY LTD TA BRUNSWICKHE','Jennie',2017);
Insert into CAT_TRANS_LNK_T (category, search, usr, fye) values ('HOMEWARE','S/ARMY','Jennie',2017);
Insert into CAT_TRANS_LNK_T (category, search, usr, fye) values ('DINING','FISHES AT THE POINT','Jennie',2017);
Insert into CAT_TRANS_LNK_T (category, search, usr, fye) values ('DINING','EL CAMINO DE BULLI','Jennie',2017);
Insert into CAT_TRANS_LNK_T (category, search, usr, fye) values ('ACCOM','OEH DIAMOND HEAD CAM','Jennie',2017);
Insert into CAT_TRANS_LNK_T (category, search, usr, fye) values ('PETROL VW','SHELL','Jennie',2017);
Insert into CAT_TRANS_LNK_T (category, search, usr, fye) values ('ACCOM','SAPPHIRE RESORT TH BRISBANQL 31/01 AU AUD','Jennie',2017);
Insert into CAT_TRANS_LNK_T (category, search, usr, fye) values ('GROCERIES','EGGINS LAURIETON NEWSA LAURIETON 07/12 AU AUD','Jennie',2017);
Insert into CAT_TRANS_LNK_T (category, search, usr, fye) values ('RACQ','RACQ EIGHT MILE PLAIN EIGHT MILE P','Jennie',2017);
Insert into CAT_TRANS_LNK_T (category, search, usr, fye) values ('SERVICE TOYOTA','ABS CLEVELAND PTY LTD ORMISTON  AU','Jennie',2017);
Insert into CAT_TRANS_LNK_T (category, search, usr, fye) values ('HARDWARE','SANDBAG LTDWASTE 441189569183 12/09 GB 12.990 USD','Jennie',2017);
Insert into CAT_TRANS_LNK_T (category, search, usr, fye) values ('HARDWARE','923100 035245805 REF NO 22736460 Building supplies','Jennie',2017);

Insert into CAT_TRANS_LNK_T (category, search, usr, fye) values ('DINING','POINT LOOKOUT BLUE R','Glenn',2017);
Insert into CAT_TRANS_LNK_T (category, search, usr, fye) values ('INTERBANK TRANSFER','INTERNET TRANSFER DEBIT TO 450201286 REFERENCE NO 54613381 tax','Glenn',2017);
Insert into CAT_TRANS_LNK_T (category, search, usr, fye) values ('SERVICE VW','RABY BAY TYRE','Glenn',2017);
Insert into CAT_TRANS_LNK_T (category, search, usr, fye) values ('BANK FEE','FOREIGN CURRENCY CONVERSION FEE','Glenn',2017);
Insert into CAT_TRANS_LNK_T (category, search, usr, fye) values ('ACCOM','Agnes Water','Glenn',2017);
Insert into CAT_TRANS_LNK_T (category, search, usr, fye) values ('GROCERIES','ISLAND FRUIT BARN','Glenn',2017);
Insert into CAT_TRANS_LNK_T (category, search, usr, fye) values ('PARKING','UQ TRAFFIC AND PARK','Glenn',2017);
Insert into CAT_TRANS_LNK_T (category, search, usr, fye) values ('DINING','SKIPS FIRST STOP DUNWICH','Glenn',2017);
Insert into CAT_TRANS_LNK_T (category, search, usr, fye) values ('GROCERIES','IGA','Glenn',2017);
Insert into CAT_TRANS_LNK_T (category, search, usr, fye) values ('HARDWARE','MITRE 10','Glenn',2017);
Insert into CAT_TRANS_LNK_T (category, search, usr, fye) values ('GROCERIES','CLEVELAND FRUIT BARN','Glenn',2017);
Insert into CAT_TRANS_LNK_T (category, search, usr, fye) values ('HAIR AND BEAUTY','Activeskin Solutions','Glenn',2017);
Insert into CAT_TRANS_LNK_T (category, search, usr, fye) values ('GROCERIES','POINT LOOKOUT NEWS','Glenn',2017);
Insert into CAT_TRANS_LNK_T (category, search, usr, fye) values ('INTERBANK TRANSFER','Bell speedy bell - DIRECT CREDIT','Glenn',2017);
Insert into CAT_TRANS_LNK_T (category, search, usr, fye) values ('INTERBANK TRANSFER','INTERNET TRANSFER CREDIT FROM 450201286 REF NO 54529402 surf trip','Glenn',2017);
Insert into CAT_TRANS_LNK_T (category, search, usr, fye) values ('INTERBANK TRANSFER','INTERNET EXTERNAL TRANSFER TO 923100 036362017 REF NO 17695631 ing startup','Glenn',2017);
Insert into CAT_TRANS_LNK_T (category, search, usr, fye) values ('HOMEWARE','HARVEY NORMAN','Glenn',2017);
Insert into CAT_TRANS_LNK_T (category, search, usr, fye) values ('MEDICAL','EW LEAF NATRL THRPIES WYNNUM','Glenn',2017);
Insert into CAT_TRANS_LNK_T (category, search, usr, fye) values ('MEDICAL','LOGAN HEART SERVICE','Glenn',2017);
Insert into CAT_TRANS_LNK_T (category, search, usr, fye) values ('MEDICAL','EW LEAF','Glenn',2017);
Insert into CAT_TRANS_LNK_T (category, search, usr, fye) values ('CHARITY','NIGHT NINJAS','Glenn',2017);
Insert into CAT_TRANS_LNK_T (category, search, usr, fye) values ('TRAVEL','BNEAIR BNEAIR Int LS Dep Brisban - Receipt 5669ATM owner fee of $2.50 charged by BNEAIR BNEAIR Int LS Dep BrisbanDate 30 Jan 2017 Time 9:27PM Card 462263xxxxxx4176','Glenn',2017);
Insert into CAT_TRANS_LNK_T (category, search, usr, fye) values ('INTERBANK TRANSFER','INTERNET TRANSFER DEBIT TO 29272623','Glenn',2017);
Insert into CAT_TRANS_LNK_T (category, search, usr, fye) values ('PARKING','BAC PARKING','Glenn',2017);
Insert into CAT_TRANS_LNK_T (category, search, usr, fye) values ('DINING','MOGO TRADING','Glenn',2017);
Insert into CAT_TRANS_LNK_T (category, search, usr, fye) values ('ALCOHOL','MANNYS DELI','Glenn',2017);
Insert into CAT_TRANS_LNK_T (category, search, usr, fye) values ('ALCOHOL','LIQUORLAND','Glenn',2017);
Insert into CAT_TRANS_LNK_T (category, search, usr, fye) values ('FISHING','EARLY BAIT AND TACKL ULLADULLA','Glenn',2017);
Insert into CAT_TRANS_LNK_T (category, search, usr, fye) values ('MEDICAL','ULLADULLA PHARMAC','Glenn',2017);
Insert into CAT_TRANS_LNK_T (category, search, usr, fye) values ('DINING','SIX SISTERS LAKES ENTRAN','Glenn',2017);
Insert into CAT_TRANS_LNK_T (category, search, usr, fye) values ('DINING','THE COFFEE CLUB','Glenn',2017);
Insert into CAT_TRANS_LNK_T (category, search, usr, fye) values ('DINING','CGS COFFEE and GRUB BETHANIA','Glenn',2017);
Insert into CAT_TRANS_LNK_T (category, search, usr, fye) values ('MEDICAL','Stradbroke Pharmacy Dunwich','Glenn',2017);
Insert into CAT_TRANS_LNK_T (category, search, usr, fye) values ('ACCOM','BRUNSWICK VILLAGE GREEN','Glenn',2017);
Insert into CAT_TRANS_LNK_T (category, search, usr, fye) values ('HOMEWARE','DELUXE LINEN','Glenn',2017);
Insert into CAT_TRANS_LNK_T (category, search, usr, fye) values ('GROCERIES','MICKS NUT SHOP','Glenn',2017);
Insert into CAT_TRANS_LNK_T (category, search, usr, fye) values ('HAIR AND BEAUTY','BEAUTY AT BARDON','Glenn',2017);
Insert into CAT_TRANS_LNK_T (category, search, usr, fye) values ('INTERBANK TRANSFER','Initial Deposit - Internal Transfer - Receipt 696801 Savings Maximiser 0089263069','Glenn',2017);
Insert into CAT_TRANS_LNK_T (category, search, usr, fye) values ('ACCOM','Esther Lodge H 3118973 TATHRA','Glenn',2017);
Insert into CAT_TRANS_LNK_T (category, search, usr, fye) values ('HARDWARE','INTERNET EXTERNAL TRANSFER TO 923100 035245805 REF NO 22736460 Building supplies','Glenn',2017);
Insert into CAT_TRANS_LNK_T (category, search, usr, fye) values ('HAIR AND BEAUTY','SQ*STRANDED','Glenn',2017);
Insert into CAT_TRANS_LNK_T (category, search, usr, fye) values ('DINING','CAFE ARABICA','Glenn',2017);
Insert into CAT_TRANS_LNK_T (category, search, usr, fye) values ('HOMEWARE','DYMOCKS CARINDALE','Glenn',2017);
Insert into CAT_TRANS_LNK_T (category, search, usr, fye) values ('HOMEWARE','SQ*STARFISH STUDIO','Glenn',2017);
Insert into CAT_TRANS_LNK_T (category, search, usr, fye) values ('BARGE','Stradbroke F*','Glenn',2017);
Insert into CAT_TRANS_LNK_T (category, search, usr, fye) values ('PETROL VW','BP ','Glenn',2017);
Insert into CAT_TRANS_LNK_T (category, search, usr, fye) values ('GROCERIES','COLES','Glenn',2017);
Insert into CAT_TRANS_LNK_T (category, search, usr, fye) values ('BANK FEE','VISA CASH ADVANCE FEE','Glenn',2017);
Insert into CAT_TRANS_LNK_T (category, search, usr, fye) values ('MEDICAL','BUPA','Glenn',2017);
Insert into CAT_TRANS_LNK_T (category, search, usr, fye) values ('FISHING','STRADDIE SUPER SPORT','Glenn',2017);
Insert into CAT_TRANS_LNK_T (category, search, usr, fye) values ('MEDICAL','Dr D Turkiewicz Greenslope','Glenn',2017);
Insert into CAT_TRANS_LNK_T (category, search, usr, fye) values ('MEDICAL','MALOUF GROUP PHMCY','Glenn',2017);
Insert into CAT_TRANS_LNK_T (category, search, usr, fye) values ('HOMEWARE','MYER LOGAN LOGANHOLME','Glenn',2017);
Insert into CAT_TRANS_LNK_T (category, search, usr, fye) values ('GROCERIES','SPAR MACLEAN','Glenn',2017);
Insert into CAT_TRANS_LNK_T (category, search, usr, fye) values ('ALCOHOL','MACLEAN CELLARS','Glenn',2017);
Insert into CAT_TRANS_LNK_T (category, search, usr, fye) values ('PARKING','BATHURST REGN COUNCIL','Glenn',2017);
Insert into CAT_TRANS_LNK_T (category, search, usr, fye) values ('ART','WITZIG and ASSOCIATES','Glenn',2017);
Insert into CAT_TRANS_LNK_T (category, search, usr, fye) values ('DINING','CafeEscargot','Glenn',2017);
Insert into CAT_TRANS_LNK_T (category, search, usr, fye) values ('PETROL VW','CALTEX','Glenn',2017);
Insert into CAT_TRANS_LNK_T (category, search, usr, fye) values ('DINING','EL CAMINODE BULLI','Glenn',2017);
Insert into CAT_TRANS_LNK_T (category, search, usr, fye) values ('DINING','THE BEAN and LEAF CAFE','Glenn',2017);
Insert into CAT_TRANS_LNK_T (category, search, usr, fye) values ('DINING','SHEESH','Glenn',2017);
Insert into CAT_TRANS_LNK_T (category, search, usr, fye) values ('REPAIRS','014274347582599 REF NO 9458540','Glenn',2017);
Insert into CAT_TRANS_LNK_T (category, search, usr, fye) values ('DINING','LA DOLCE VITA','Glenn',2017);
Insert into CAT_TRANS_LNK_T (category, search, usr, fye) values ('DINING','Spirithouse Yandina','Glenn',2017);
Insert into CAT_TRANS_LNK_T (category, search, usr, fye) values ('TRAVEL','TIGER AIR','Glenn',2017);
Insert into CAT_TRANS_LNK_T (category, search, usr, fye) values ('DINING','THAISONS','Glenn',2017);
Insert into CAT_TRANS_LNK_T (category, search, usr, fye) values ('DINING','CW CORNUBIA','Glenn',2017);
Insert into CAT_TRANS_LNK_T (category, search, usr, fye) values ('DINING','GRAND VIEW HOTEL','Glenn',2017);
Insert into CAT_TRANS_LNK_T (category, search, usr, fye) values ('GROCERIES','THE ORMISTON BAKERY','Glenn',2017);
Insert into CAT_TRANS_LNK_T (category, search, usr, fye) values ('GROCERIES','WATERFORD DIS FRUIT','Glenn',2017);
Insert into CAT_TRANS_LNK_T (category, search, usr, fye) values ('GROCERIES','LA BOUCHE WELLINGTON','Glenn',2017);
Insert into CAT_TRANS_LNK_T (category, search, usr, fye) values ('DINING','GLOBAL FINE FOOD ASHGROVE','Glenn',2017);
Insert into CAT_TRANS_LNK_T (category, search, usr, fye) values ('PHONE','OFFICEWORKS','Glenn',2017);
Insert into CAT_TRANS_LNK_T (category, search, usr, fye) values ('DINING','Stradbroke Hotel','Glenn',2017);
Insert into CAT_TRANS_LNK_T (category, search, usr, fye) values ('PETROL VW','QLD MOTORWAYS MANAGEME EIGHT','Glenn',2017);
Insert into CAT_TRANS_LNK_T (category, search, usr, fye) values ('GROCERIES','MANNYS FRUIT MARKET','Glenn',2017);
Insert into CAT_TRANS_LNK_T (category, search, usr, fye) values ('DINING','WOODFIRED ETC TATHRA','Glenn',2017);
Insert into CAT_TRANS_LNK_T (category, search, usr, fye) values ('GROCERIES','DRAKE SUPERMARKET','Glenn',2017);
Insert into CAT_TRANS_LNK_T (category, search, usr, fye) values ('ACCOM','VISA CASH ADV 00000000000/HT MERCURE PADANG  21/01 ID 1250000.000 IDR','Glenn',2017);
Insert into CAT_TRANS_LNK_T (category, search, usr, fye) values ('HAIR AND BEAUTY','REV SIMPLY ME CLEVELAND  CLEVELAND AU','Glenn',2017);
Insert into CAT_TRANS_LNK_T (category, search, usr, fye) values ('ALCOHOL','WATERFORD DISCOUNT  HILTON  AU','Glenn',2017);
Insert into CAT_TRANS_LNK_T (category, search, usr, fye) values ('PARKING','TRANSLINK BRISBANE  18/02 AU AUD','Glenn',2017);
Insert into CAT_TRANS_LNK_T (category, search, usr, fye) values ('PETROL TOYOTA','STRADDIE ROADHOUSE','Glenn',2017);
Insert into CAT_TRANS_LNK_T (category, search, usr, fye) values ('HOMEWARE','BOOKDEPOSITORY','Glenn',2017);
Insert into CAT_TRANS_LNK_T (category, search, usr, fye) values ('AIR BNB','CITIBANK EUROPE Worldpay AP Ltd','Glenn',2017);
Insert into CAT_TRANS_LNK_T (category, search, usr, fye) values ('MEDICAL','Queensland X-Ray','Glenn',2017);
Insert into CAT_TRANS_LNK_T (category, search, usr, fye) values ('GROCERIES','BRUNSWICKVILLAGEGREENS BRUNSWICK HE 07/12 NS 47.110 AUD','Glenn',2017);
Insert into CAT_TRANS_LNK_T (category, search, usr, fye) values ('GROCERIES','STRADBROKE ISLAND BUT','Glenn',2017);
Insert into CAT_TRANS_LNK_T (category, search, usr, fye) values ('ACCOM','RMS*Takarakka Bush R 0383999462 26/03 AU AUD','Glenn',2017);
Insert into CAT_TRANS_LNK_T (category, search, usr, fye) values ('HOMEWARE','Surfstreet Point Lookou 28/12 AU AUD','Glenn',2017);
Insert into CAT_TRANS_LNK_T (category, search, usr, fye) values ('HOMEWARE','UQ MORETON BAY STATI  NORTH STRA AU','Glenn',2017);
Insert into CAT_TRANS_LNK_T (category, search, usr, fye) values ('FISHING','MOSSOPS','Glenn',2017);
Insert into CAT_TRANS_LNK_T (category, search, usr, fye) values ('GROCERIES','STRADDIE NEWS','Glenn',2017);
Insert into CAT_TRANS_LNK_T (category, search, usr, fye) values ('REPAIRS','014218 254857661 REF NO 13269380 Inv* 3884','Glenn',2017);
Insert into CAT_TRANS_LNK_T (category, search, usr, fye) values ('MEDICAL','Dr D Turkiewicz   Greenslope AU','Glenn',2017);
Insert into CAT_TRANS_LNK_T (category, search, usr, fye) values ('REPAIRS','INTERNET EXTERNAL TRANSFER TO 014274 347582599 REF NO 94585401 BELL GL 108898','Glenn',2017);
Insert into CAT_TRANS_LNK_T (category, search, usr, fye) values ('ART','Salt water Mur','Glenn',2017);
Insert into CAT_TRANS_LNK_T (category, search, usr, fye) values ('ACCOM','Esther Lodge H3118973 TATHRA2  AU','Glenn',2017);
Insert into CAT_TRANS_LNK_T (category, search, usr, fye) values ('DINING','DAX AUST PTY LTD TA BRUNSWICK HE 07/12 AU AUD','Glenn',2017);
Insert into CAT_TRANS_LNK_T (category, search, usr, fye) values ('GROCERIES','RUFUS KING SEAFOODS','Glenn',2017);
Insert into CAT_TRANS_LNK_T (category, search, usr, fye) values ('INTERBANK TRANSFER','BELL ins isp - DIRECT CREDIT','Glenn',2017);
Insert into CAT_TRANS_LNK_T (category, search, usr, fye) values ('ACCOM','BRENLAW PTY LTD   ABERDEEN  AU','Glenn',2017);
Insert into CAT_TRANS_LNK_T (category, search, usr, fye) values ('TRAVEL','OEH WOMBEYAN CAVES TARALGA  15/12 AU AUD','Glenn',2017);
Insert into CAT_TRANS_LNK_T (category, search, usr, fye) values ('GROCERIES','NORTH STRADBROKE FOO  DUNWICH','Glenn',2017);
Insert into CAT_TRANS_LNK_T (category, search, usr, fye) values ('GROCERIES','NORTH STRADBROKE FOO DUNWICH','Glenn',2017);
Insert into CAT_TRANS_LNK_T (category, search, usr, fye) values ('HOMEWARE','POST DUNWICH LPO DUNWICH  03/08 AU AUD','Glenn',2017);
Insert into CAT_TRANS_LNK_T (category, search, usr, fye) values ('DINING','CWH CORNUBIA       AU','Glenn',2017);
Insert into CAT_TRANS_LNK_T (category, search, usr, fye) values ('HOMEWARE','MIRAJE HOME DECOR','Glenn',2017);
Insert into CAT_TRANS_LNK_T (category, search, usr, fye) values ('HAIR AND BEAUTY','SIMPLY ME CLEVELAND','Glenn',2017);
Insert into CAT_TRANS_LNK_T (category, search, usr, fye) values ('GROCERIES','WOOLWORTHS','Glenn',2017);
Insert into CAT_TRANS_LNK_T (category, search, usr, fye) values ('PARKING','VISA CREDIT  TRANSLINK BRISBANE  26/04 AU AUD','Glenn',2017);
Insert into CAT_TRANS_LNK_T (category, search, usr, fye) values ('GROCERIES','NORTH STRADBROKE FOODW DUNWICH','Glenn',2017);
Insert into CAT_TRANS_LNK_T (category, search, usr, fye) values ('CHARITY','PCYC NAT LOTTERIE QLD WHALAN  02/12 AU AUD','Glenn',2017);
Insert into CAT_TRANS_LNK_T (category, search, usr, fye) values ('TRAVEL','Tickets.com Pty Ltd th WollongNS 09/09 AU AUD','Glenn',2017);
Insert into CAT_TRANS_LNK_T (category, search, usr, fye) values ('HOMEWARE','PILLOW TALK PTY LTD','Glenn',2017);
Insert into CAT_TRANS_LNK_T (category, search, usr, fye) values ('INTERBANK TRANSFER','INTERNET TRANSFER CREDIT FROM 24243293 REF NO 37919321 vw','Glenn',2017);
Insert into CAT_TRANS_LNK_T (category, search, usr, fye) values ('HOMEWARE','UQ MORETON BAY STATI','Glenn',2017);
Insert into CAT_TRANS_LNK_T (category, search, usr, fye) values ('HAIR AND BEAUTY','SHOE IN PTY LTD','Glenn',2017);
Insert into CAT_TRANS_LNK_T (category, search, usr, fye) values ('HOMEWARE','PT LOOKOUT SOUVENIRS','Glenn',2017);
Insert into CAT_TRANS_LNK_T (category, search, usr, fye) values ('INTERBANK TRANSFER','INTERNET TRANSFER CREDIT FROM 450201286 REF NO 59770341 xmas','Glenn',2017);
Insert into CAT_TRANS_LNK_T (category, search, usr, fye) values ('HAIR AND BEAUTY','STUDIO DIAMONDS','Glenn',2017);
Insert into CAT_TRANS_LNK_T (category, search, usr, fye) values ('INTERBANK TRANSFER','INTERNET TRANSFER CREDIT FROM 29272623 REF NO 78320500','Glenn',2017);
Insert into CAT_TRANS_LNK_T (category, search, usr, fye) values ('INTERBANK TRANSFER','INTERNET TRANSFER DEBIT TO 29272623 REFERENCE NO 4865912 EFFECTIVE DATE 16/09/2016','Glenn',2017);
Insert into CAT_TRANS_LNK_T (category, search, usr, fye) values ('MEDICAL INS REFUND','MCARE BENEFITS 003079056 EYWQ - DIRECT CREDIT','Glenn',2017);
Insert into CAT_TRANS_LNK_T (category, search, usr, fye) values ('MEDICAL','BARDON SMILES PTY LTD','Glenn',2017);
Insert into CAT_TRANS_LNK_T (category, search, usr, fye) values ('MEDICAL INS REFUND','MCARE BENEFITS','Glenn',2017);
Insert into CAT_TRANS_LNK_T (category, search, usr, fye) values ('HAIR AND BEAUTY','SQ *STRANDED ON STRAD','Glenn',2017);
Insert into CAT_TRANS_LNK_T (category, search, usr, fye) values ('BANK FEE','ATM Rebate - Receipt 6368We paid the ATM fee for you!','Glenn',2017);
Insert into CAT_TRANS_LNK_T (category, search, usr, fye) values ('CWTH SUPER','CSC       60640077PS','Glenn',2017);
Insert into CAT_TRANS_LNK_T (category, search, usr, fye) values ('BANK FEE','ATM Rebate','Glenn',2017);
Insert into CAT_TRANS_LNK_T (category, search, usr, fye) values ('GROCERIES','DCP-Foodworks Point LooSt radbroke Is','Glenn',2017);
Insert into CAT_TRANS_LNK_T (category, search, usr, fye) values ('DINING','LITTLE PRINCE EATIN','Glenn',2017);
Insert into CAT_TRANS_LNK_T (category, search, usr, fye) values ('HOMEWARE','SQ *STARFISH STUDIO','Glenn',2017);
Insert into CAT_TRANS_LNK_T (category, search, usr, fye) values ('INTERBANK TRANSFER','Transfer to G C BELL - Receipt 211301 To 484799 24243293 - Transfer to G C BELL - Receipt 211301 To 484799 24243293','Glenn',2017);
Insert into CAT_TRANS_LNK_T (category, search, usr, fye) values ('CLOTHING','DBS MENWEAR','Glenn',2017);
Insert into CAT_TRANS_LNK_T (category, search, usr, fye) values ('POST','POST  POINT LOOKOUT','Glenn',2017);
Insert into CAT_TRANS_LNK_T (category, search, usr, fye) values ('INTERBANK TRANSFER','1 - Internal Transfer - Receipt 235378 Savings Maximiser 0089263069','Glenn',2017);
Insert into CAT_TRANS_LNK_T (category, search, usr, fye) values ('INTERBANK TRANSFER','BELL GC     ing startup - Receipt 101688','Glenn',2017);
Insert into CAT_TRANS_LNK_T (category, search, usr, fye) values ('INTERBANK TRANSFER','rates and power - Transfer to G C BELL - Receipt 21490 To 484799 24243293','Glenn',2017);
Insert into CAT_TRANS_LNK_T (category, search, usr, fye) values ('HOMEWARE','R L KOPPENOL','Glenn',2017);
Insert into CAT_TRANS_LNK_T (category, search, usr, fye) values ('REPAIRS','INTERNET EXTERNAL TRANSFER TO 064466 010074783 REF NO 86207430 BELL, GC','Glenn',2017);
Insert into CAT_TRANS_LNK_T (category, search, usr, fye) values ('DINING','STRADBROKE RSL DUNWICH','Glenn',2017);
Insert into CAT_TRANS_LNK_T (category, search, usr, fye) values ('GROCERIES','ROLLESTON GENERAL ST ROLLESTON','Glenn',2017);
Insert into CAT_TRANS_LNK_T (category, search, usr, fye) values ('ACCOM','CARNARVON GORGE WILD','Glenn',2017);
Insert into CAT_TRANS_LNK_T (category, search, usr, fye) values ('INTERBANK TRANSFER','SUNCORP BANK CLEVELAND QL - Receipt 8307ATM owner fee of $2.00 charged by SUNCORP BANK CLEVELAND QLDate 09 Jun 2017 Time 1:20PM Card 462263xxxxxx4176','Glenn',2017);
Insert into CAT_TRANS_LNK_T (category, search, usr, fye) values ('INTERBANK TRANSFER','BELL GLENN COLIN','Glenn',2017);
Insert into CAT_TRANS_LNK_T (category, search, usr, fye) values ('ACCOM','STARLIGHT MOTOR INN ROMA - EFTPOS Purchase - Receipt 278Date 04 Jun 2017 Time 3:41PM Card 462263xxxxxx4176','Glenn',2017);
Insert into CAT_TRANS_LNK_T (category, search, usr, fye) values ('REGO SUBARU','TMR REG RENEW 48272      10249312514707 - BPAY Bill Payment - Receipt 9850 To TMR REG RENEW 48272 10249312514707','Glenn',2017);
Insert into CAT_TRANS_LNK_T (category, search, usr, fye) values ('INTERBANK TRANSFER','Transfer to G C BELL','Glenn',2017);
Insert into CAT_TRANS_LNK_T (category, search, usr, fye) values ('DINING','ASPIRATIONAL HOSPITA CHILDERS','Glenn',2017);
Insert into CAT_TRANS_LNK_T (category, search, usr, fye) values ('MEDICAL','MPH REDLANDS CLEVELAND - EFTPOS Purchase - Receipt 30085Date 18 Apr 2017 Time 1:11PM Card 462263xxxxxx4176','Glenn',2017);
Insert into CAT_TRANS_LNK_T (category, search, usr, fye) values ('INTERBANK TRANSFER','INTERNET TRANSFER CREDIT FROM 29272623 REF NO 16113311','Glenn',2017);
Insert into CAT_TRANS_LNK_T (category, search, usr, fye) values ('MEDICAL','CWH CAPALABA ','Glenn',2017);
Insert into CAT_TRANS_LNK_T (category, search, usr, fye) values ('ALCOHOL','L/LAND','Glenn',2017);
Insert into CAT_TRANS_LNK_T (category, search, usr, fye) values ('HARDWARE','INTERNET TRANSFER DEBIT TO 509220860 REFERENCE NO 27898441 stuff','Glenn',2017);
Insert into CAT_TRANS_LNK_T (category, search, usr, fye) values ('DINING','4 SIMPLICITY','Glenn',2017);
Insert into CAT_TRANS_LNK_T (category, search, usr, fye) values ('ALCOHOL','1ST CHOICE','Glenn',2017);
Insert into CAT_TRANS_LNK_T (category, search, usr, fye) values ('INTERBANK TRANSFER','INTERNET TRANSFER CREDIT FROM 29272623 REF NO 78058462','Glenn',2017);
Insert into CAT_TRANS_LNK_T (category, search, usr, fye) values ('DINING','PS SANDHU PTY LTD  ABERDEEN  AU - EFTPOS WDL','Glenn',2017);
Insert into CAT_TRANS_LNK_T (category, search, usr, fye) values ('REPAIRS','INTERNET EXTERNAL TRANSFER TO 014218 254857661 REF NO 13269380 Inv* 3884','Glenn',2017);
Insert into CAT_TRANS_LNK_T (category, search, usr, fye) values ('REPAIRS','INTERNET EXTERNAL TRANSFER TO 014218 254857661 REF NO 51495391 Inv* 3669','Glenn',2017);
Insert into CAT_TRANS_LNK_T (category, search, usr, fye) values ('INTERBANK TRANSFER','INTERNET EXTERNAL TRANSFER TO 923100 035245805 REF NO 58755310 Merry Xmas','Glenn',2017);
Insert into CAT_TRANS_LNK_T (category, search, usr, fye) values ('REPAIRS','INTERNET EXTERNAL TRANSFER TO 034115 000273629 REF NO 69043380 622507','Glenn',2017);
Insert into CAT_TRANS_LNK_T (category, search, usr, fye) values ('REGO SUBARU','TMR REG RENEW 48298      10245850093286 - BPAY Bill Payment - Receipt 535867 To TMR REG RENEW 48298 10245850093286','Glenn',2017);
Insert into CAT_TRANS_LNK_T (category, search, usr, fye) values ('PARKING','QUEENSLAND TRANSPORT  CLEVELAND AU - EFTPOS WDL','Glenn',2017);
Insert into CAT_TRANS_LNK_T (category, search, usr, fye) values ('GROCERIES','R.L KOPPENOL','Glenn',2017);
Insert into CAT_TRANS_LNK_T (category, search, usr, fye) values ('INTERBANK TRANSFER','INTERNET TRANSFER CREDIT FROM 509220860 REF NO 58883410 close','Glenn',2017);
Insert into CAT_TRANS_LNK_T (category, search, usr, fye) values ('RATES','BPAY DEBIT VIA INTERNET REDLAND COUNCIL','Glenn',2017);
Insert into CAT_TRANS_LNK_T (category, search, usr, fye) values ('POWER','BPAY DEBIT VIA INTERNET LUMO ENERGY','Glenn',2017);
Insert into CAT_TRANS_LNK_T (category, search, usr, fye) values ('HOUSE INSURANCE','BPAY DEBIT VIA INTERNET RACQ INSURANCE REFERENCE NUMBER  3369','Glenn',2017);
Insert into CAT_TRANS_LNK_T (category, search, usr, fye) values ('PHONE','BPAY DEBIT VIA INTERNET TELSTRA','Glenn',2017);
Insert into CAT_TRANS_LNK_T (category, search, usr, fye) values ('CREDIT CARD','BPAY DEBIT VIA INTERNET CITIBANK CREDITCARDS','Glenn',2017);
Insert into CAT_TRANS_LNK_T (category, search, usr, fye) values ('RACQ','BPAY DEBIT VIA INTERNET RACQ     92000093157329 REFERENCE NUMBER 32028391','Glenn',2017);
Insert into CAT_TRANS_LNK_T (category, search, usr, fye) values ('POWER','BPAY DEBIT VIA INTERNET RED ENERGY','Glenn',2017);
Insert into CAT_TRANS_LNK_T (category, search, usr, fye) values ('GAS','BPAY DEBIT VIA INTERNET ORIGIN ENERGY','Glenn',2017);
Insert into CAT_TRANS_LNK_T (category, search, usr, fye) values ('INTERBANK TRANSFER','BPAY DEBIT VIA INTERNET','Glenn',2017);
Insert into CAT_TRANS_LNK_T (category, search, usr, fye) values ('INTEREST','Interest Credit','Glenn',2017);
Insert into CAT_TRANS_LNK_T (category, search, usr, fye) values ('INTEREST','Bonus Interest Credit','Glenn',2017);
Insert into CAT_TRANS_LNK_T (category, search, usr, fye) values ('INTERBANK TRANSFER','Initial Deposit - Receipt 696801 - From Orange Everyday','Glenn',2017);
Insert into CAT_TRANS_LNK_T (category, search, usr, fye) values ('WHITE GOODS','JB HI FI - Visa Purchase - Receipt 171662In BRISBANE Date 30 Mar 2017 Card 462263xxxxxx4176','Glenn',2017);
Insert into CAT_TRANS_LNK_T (category, search, usr, fye) values ('WATER TAXI','STRADBROKE FLYER WATER','Glenn',2017);
Insert into CAT_TRANS_LNK_T (category, search, usr, fye) values ('MEDICAL','Medicare Benefit','Glenn',2017);
Insert into CAT_TRANS_LNK_T (category, search, usr, fye) values ('UQ','UNI OF QLD','Glenn',2017);
Insert into CAT_TRANS_LNK_T (category, search, usr, fye) values ('MUSIC','ALBUMWORKS','Glenn',2017);
Insert into CAT_TRANS_LNK_T (category, search, usr, fye) values ('HOMEWARE','SQ *MADE ON MINJERRIBA','Glenn',2017);
Insert into CAT_TRANS_LNK_T (category, search, usr, fye) values ('REPAIRS','014218 254857661 REF NO 51495391 Inv* 3669','Glenn',2017);
Insert into CAT_TRANS_LNK_T (category, search, usr, fye) values ('DINING','SHINGLE INN','Glenn',2017);
Insert into CAT_TRANS_LNK_T (category, search, usr, fye) values ('INTERBANK TRANSFER','BELL - DIRECT CREDIT','Glenn',2017);
Insert into CAT_TRANS_LNK_T (category, search, usr, fye) values ('QSUPER','QSUPER','Glenn',2017);
Insert into CAT_TRANS_LNK_T (category, search, usr, fye) values ('INTERBANK TRANSFER','Internal Transfer','Glenn',2017);
Insert into CAT_TRANS_LNK_T (category, search, usr, fye) values ('GROCERIES','STRADDIE BAKERY','Glenn',2017);
Insert into CAT_TRANS_LNK_T (category, search, usr, fye) values ('HOMEWARE','Sunburst Outdoor Livin','Glenn',2017);
Insert into CAT_TRANS_LNK_T (category, search, usr, fye) values ('TAX','ATO','Glenn',2017);
Insert into CAT_TRANS_LNK_T (category, search, usr, fye) values ('CHARITY','World Vision','Glenn',2017);
Insert into CAT_TRANS_LNK_T (category, search, usr, fye) values ('GROCERIES','STRADBROKE ISLAN DBUT','Glenn',2017);
Insert into CAT_TRANS_LNK_T (category, search, usr, fye) values ('HOMEWARE','Orchid Floral Design','Glenn',2017);
Insert into CAT_TRANS_LNK_T (category, search, usr, fye) values ('HARDWARE','BUNNINGS','Glenn',2017);
Insert into CAT_TRANS_LNK_T (category, search, usr, fye) values ('DINING','WORDSMITHS CAFE','Glenn',2017);
Insert into CAT_TRANS_LNK_T (category, search, usr, fye) values ('QLD HEALTH','QUEENSLAND HEALT SALARY 00190392','Glenn',2017);
Insert into CAT_TRANS_LNK_T (category, search, usr, fye) values ('INTERNET','IINET','Glenn',2017);
Insert into CAT_TRANS_LNK_T (category, search, usr, fye) values ('PARKING','BCC ON-STREET PARKING','Glenn',2017);
Insert into CAT_TRANS_LNK_T (category, search, usr, fye) values ('FISHING','BCF','Glenn',2017);
Insert into CAT_TRANS_LNK_T (category, search, usr, fye) values ('ALCOHOL','MAROOCHYDORE DISCOUN MAROOCHYDORE 10/08 AU AUD','Glenn',2017);
Insert into CAT_TRANS_LNK_T (category, search, usr, fye) values ('ACCOM','NEWMARKET GARDENS CARA ASHGROVE','Glenn',2017);
Insert into CAT_TRANS_LNK_T (category, search, usr, fye) values ('ALCOHOL','DAN MURPHY''S','Glenn',2017);
Insert into CAT_TRANS_LNK_T (category, search, usr, fye) values ('INTERBANK TRANSFER','INTERNET TRANSFER CREDIT FROM 29272623','Glenn',2017);
Insert into CAT_TRANS_LNK_T (category, search, usr, fye) values ('DINING','MURA TRAIN SUSHI','Glenn',2017);
Insert into CAT_TRANS_LNK_T (category, search, usr, fye) values ('PARKING','BPAY DEBIT VIA INTERNET SDRO PENALTIES  89460788327336 REFERENCE NUMBER 52889322','Glenn',2017);
Insert into CAT_TRANS_LNK_T (category, search, usr, fye) values ('DINING','WHALES WAY','Glenn',2017);
Insert into CAT_TRANS_LNK_T (category, search, usr, fye) values ('ACCOM','TAKARU NATIONAL PROP ROLLESTON','Glenn',2017);
Insert into CAT_TRANS_LNK_T (category, search, usr, fye) values ('DINING','RED LOTUS','Glenn',2017);
Insert into CAT_TRANS_LNK_T (category, search, usr, fye) values ('HOMEWARE','REDLANDS INDIGISCAPE','Glenn',2017);
Insert into CAT_TRANS_LNK_T (category, search, usr, fye) values ('GROCERIES','WHO GIVES A CRA','Glenn',2017);
Insert into CAT_TRANS_LNK_T (category, search, usr, fye) values ('DINING','OCEANIC GELATI','Glenn',2017);
Insert into CAT_TRANS_LNK_T (category, search, usr, fye) values ('DINING','SING''S ASIAN KITCHEN','Glenn',2017);
Insert into CAT_TRANS_LNK_T (category, search, usr, fye) values ('HARDWARE','PADDINGTON HARDWARE','Glenn',2017);
Insert into CAT_TRANS_LNK_T (category, search, usr, fye) values ('HARDWARE','923100035245805 REF NO 22736460 Building supplies','Glenn',2017);
Insert into CAT_TRANS_LNK_T (category, search, usr, fye) values ('MEDICAL','CHEMIST WAREHOUSE','Glenn',2017);
Insert into CAT_TRANS_LNK_T (category, search, usr, fye) values ('HOMEWARE','UQ MORETONBAY STATI','Glenn',2017);
Insert into CAT_TRANS_LNK_T (category, search, usr, fye) values ('DINING','LITTLE SHIP CLUB','Glenn',2017);
Insert into CAT_TRANS_LNK_T (category, search, usr, fye) values ('HOMEWARE','ARBONNE EUROPE','Glenn',2017);
Insert into CAT_TRANS_LNK_T (category, search, usr, fye) values ('MEDICAL','ORMISTON FAMILY PHAR','Glenn',2017);
Insert into CAT_TRANS_LNK_T (category, search, usr, fye) values ('HARDWARE','STRADDIE SERVO','Glenn',2017);
Insert into CAT_TRANS_LNK_T (category, search, usr, fye) values ('DINING','UNITED CHURCHILL','Glenn',2017);
Insert into CAT_TRANS_LNK_T (category, search, usr, fye) values ('DINING','THE HIDDEN DONUT ABERDEEN','Glenn',2017);
Insert into CAT_TRANS_LNK_T (category, search, usr, fye) values ('BANK FEE','ACCOUNT KEEPING FEE','Glenn',2017);
Insert into CAT_TRANS_LNK_T (category, search, usr, fye) values ('DINING','Cafe Escargot','Glenn',2017);
Insert into CAT_TRANS_LNK_T (category, search, usr, fye) values ('MEDICAL','Invoice 18742 - Transfer to Dr V Swainsbury - Receipt 507237 To 084004 846163911','Glenn',2017);
Insert into CAT_TRANS_LNK_T (category, search, usr, fye) values ('WITHDRAWAL','ATM WITHDRAWAL','Glenn',2017);
Insert into CAT_TRANS_LNK_T (category, search, usr, fye) values ('BANK FEE','ATM OPERATOR FEE BALANCE ENQUIRY','Glenn',2017);
Insert into CAT_TRANS_LNK_T (category, search, usr, fye) values ('AIR BNB','ENVOY SERVICES','Glenn',2017);
Insert into CAT_TRANS_LNK_T (category, search, usr, fye) values ('GROCERIES','CLEVELAND TOBACCO','Glenn',2017);
Insert into CAT_TRANS_LNK_T (category, search, usr, fye) values ('INTERBANK TRANSFER','INTERNET TRANSFER CREDIT FROM 29272623 REF NO 96934471','Glenn',2017);
Insert into CAT_TRANS_LNK_T (category, search, usr, fye) values ('BANK FEE','ATM OPERATOR FEE WITHDRAWAL','Glenn',2017);
Insert into CAT_TRANS_LNK_T (category, search, usr, fye) values ('PETROL VW','WESTSIDE PETROLEUM BRAIDWOOD','Glenn',2017);
Insert into CAT_TRANS_LNK_T (category, search, usr, fye) values ('PHONE','VIRGIN MOBILE','Glenn',2017);
Insert into CAT_TRANS_LNK_T (category, search, usr, fye) values ('GROCERIES','THE PRAWN SHACK','Glenn',2017);
Insert into CAT_TRANS_LNK_T (category, search, usr, fye) values ('BARGE','STRADBROKE FERRIES','Glenn',2017);
Insert into CAT_TRANS_LNK_T (category, search, usr, fye) values ('SERVICE VW','AARONS MECHANICAL','Glenn',2017);
Insert into CAT_TRANS_LNK_T (category, search, usr, fye) values ('RATES','REDLAND COUNCIL','Glenn',2017);
Insert into CAT_TRANS_LNK_T (category, search, usr, fye) values ('INTERBANK TRANSFER','INTERNET TRANSFER DEBIT','Glenn',2017);
Insert into CAT_TRANS_LNK_T (category, search, usr, fye) values ('POWER','RED ENERGY','Glenn',2017);
Insert into CAT_TRANS_LNK_T (category, search, usr, fye) values ('PHONE','TELSTRA','Glenn',2017);
Insert into CAT_TRANS_LNK_T (category, search, usr, fye) values ('GROCERIES','BOBS SHOP','Glenn',2017);
Insert into CAT_TRANS_LNK_T (category, search, usr, fye) values ('INTERBANK TRANSFER','INTERNET TRANSFER CREDIT FROM 450201286 REF NO 90159710','Glenn',2017);
Insert into CAT_TRANS_LNK_T (category, search, usr, fye) values ('REGO VW','BPAY DEBIT VIA INTERNET TMR REG RENEW 48272 REFERENCE NUMBER  7099','Glenn',2017);
Insert into CAT_TRANS_LNK_T (category, search, usr, fye) values ('GROCERIES','Seymour St Newsagency','Glenn',2017);
Insert into CAT_TRANS_LNK_T (category, search, usr, fye) values ('DINING','LITTLE PRINCE EATIN TRARALGON','Glenn',2017);
Insert into CAT_TRANS_LNK_T (category, search, usr, fye) values ('SERVICE SUBARU','STRADBROKE AUTO','Glenn',2017);
Insert into CAT_TRANS_LNK_T (category, search, usr, fye) values ('MEDICAL','Pt Lookout Pharmacy','Glenn',2017);
Insert into CAT_TRANS_LNK_T (category, search, usr, fye) values ('GROCERIES','JOHN TRUMAN','Glenn',2017);
Insert into CAT_TRANS_LNK_T (category, search, usr, fye) values ('ALCOHOL','PAPABUNZ MBL JAKARTA  21/01 ID 109200.000 IDR','Glenn',2017);
Insert into CAT_TRANS_LNK_T (category, search, usr, fye) values ('ALCOHOL','PandC T3 DT CENTRAL SINGAPORE 21/01 SG 111.100 SGD','Glenn',2017);
Insert into CAT_TRANS_LNK_T (category, search, usr, fye) values ('REGO TOYOTA','BPAY DEBIT VIA INTERNET TMR REG RENEW 48272 REFERENCE NUMBER  9779','Glenn',2017);
Insert into CAT_TRANS_LNK_T (category, search, usr, fye) values ('CREDIT CARD','CITIBANK CREDIT CARDS','Glenn',2017);
Insert into CAT_TRANS_LNK_T (category, search, usr, fye) values ('PARKING','BAC PARKING ASCOT','Glenn',2017);
Insert into CAT_TRANS_LNK_T (category, search, usr, fye) values ('ALCOHOL','JR DUTY FRE','Glenn',2017);
Insert into CAT_TRANS_LNK_T (category, search, usr, fye) values ('MEDICAL','LGB MEDICAL GREENSLOPES','Glenn',2017);
Insert into CAT_TRANS_LNK_T (category, search, usr, fye) values ('GROCERIES','ALDI','Glenn',2017);
Insert into CAT_TRANS_LNK_T (category, search, usr, fye) values ('POWER','LUMO ENERGY','Glenn',2017);
Insert into CAT_TRANS_LNK_T (category, search, usr, fye) values ('GAS','ORIGIN ENERGY','Glenn',2017);
Insert into CAT_TRANS_LNK_T (category, search, usr, fye) values ('INTERBANK TRANSFER','1 - Receipt 235378 - From Orange Everyday','Glenn',2017);
Insert into CAT_TRANS_LNK_T (category, search, usr, fye) values ('MEDICAL','Queensland XRay','Glenn',2017);
Insert into CAT_TRANS_LNK_T (category, search, usr, fye) values ('MEDICAL','D P CARROL','Glenn',2017);
Insert into CAT_TRANS_LNK_T (category, search, usr, fye) values ('DINING','STARBUCKS','Glenn',2017);
Insert into CAT_TRANS_LNK_T (category, search, usr, fye) values ('TRAVEL','JETSTAR','Glenn',2017);
Insert into CAT_TRANS_LNK_T (category, search, usr, fye) values ('DINING','RAFFERTY''S CAFE','Glenn',2017);
Insert into CAT_TRANS_LNK_T (category, search, usr, fye) values ('PARKING','METRO PARKING','Glenn',2017);
Insert into CAT_TRANS_LNK_T (category, search, usr, fye) values ('HOMEWARE','THE REJECT SHOP','Glenn',2017);
Insert into CAT_TRANS_LNK_T (category, search, usr, fye) values ('HOMEWARE','NOREENS SEASIDE SHOP','Glenn',2017);
Insert into CAT_TRANS_LNK_T (category, search, usr, fye) values ('BANK FEE','TRANSACTION FEE','Glenn',2017);
Insert into CAT_TRANS_LNK_T (category, search, usr, fye) values ('HOMEWARE','BOOK DEPOSITORY','Glenn',2017);
Insert into CAT_TRANS_LNK_T (category, search, usr, fye) values ('CHOOKS','CAPALABA PRODUCE','Glenn',2017);
Insert into CAT_TRANS_LNK_T (category, search, usr, fye) values ('HOUSE INSURANCE','RACQ INSURANCE REFERENCE NUMBER 3369','Glenn',2017);
Insert into CAT_TRANS_LNK_T (category, search, usr, fye) values ('GROCERIES','STRADDIE BAKERY DUNWICH','Glenn',2017);
Insert into CAT_TRANS_LNK_T (category, search, usr, fye) values ('INTEREST','CREDIT INTEREST','Glenn',2017);
Insert into CAT_TRANS_LNK_T (category, search, usr, fye) values ('MEDICAL','STRADBROKE PHARMACY','Glenn',2017);
Insert into CAT_TRANS_LNK_T (category, search, usr, fye) values ('HARDWARE','STRADDIE SERVO DUNWICH','Glenn',2017);
Insert into CAT_TRANS_LNK_T (category, search, usr, fye) values ('RACQ','RACQ 92000093157329 REFERENCE NUMBER 32028391','Glenn',2017);
Insert into CAT_TRANS_LNK_T (category, search, usr, fye) values ('FISHING','STRADDIE SUPER SPORT DUNWICH','Glenn',2017);
Insert into CAT_TRANS_LNK_T (category, search, usr, fye) values ('MEDICAL','SURF STREET HEALTH POINT LOOKOU','Glenn',2017);
Insert into CAT_TRANS_LNK_T (category, search, usr, fye) values ('GROCERIES','WYNNUM FRUIT AND VEG','Glenn',2017);
Insert into CAT_TRANS_LNK_T (category, search, usr, fye) values ('GROCERIES','WRAY ORGANIC CLEVE','Glenn',2017);
Insert into CAT_TRANS_LNK_T (category, search, usr, fye) values ('FISHING','AMITY POINT INVEST','Glenn',2017);
Insert into CAT_TRANS_LNK_T (category, search, usr, fye) values ('DINING','ARRIVEDERCI','Glenn',2017);
Insert into CAT_TRANS_LNK_T (category, search, usr, fye) values ('SERVICE SUBARU','STRADBROKE AUTOMOTIV','Glenn',2017);
Insert into CAT_TRANS_LNK_T (category, search, usr, fye) values ('HOMEWARE','BOOKTOPIA','Glenn',2017);
Insert into CAT_TRANS_LNK_T (category, search, usr, fye) values ('ALCOHOL','DAN MURPHY','Glenn',2017);
Insert into CAT_TRANS_LNK_T (category, search, usr, fye) values ('TAX_AGENT','BIRD WALKER MCDONALD','Glenn',2017);
Insert into CAT_TRANS_LNK_T (category, search, usr, fye) values ('ACCOM','PSS AND HU PTY LTD ABERDEEN','Glenn',2017);
Insert into CAT_TRANS_LNK_T (category, search, usr, fye) values ('GROCERIES','BOOLARRA STORE','Glenn',2017);
Insert into CAT_TRANS_LNK_T (category, search, usr, fye) values ('DINING','DAX AUST PTY LTD TA BRUNSWICKHE','Glenn',2017);
Insert into CAT_TRANS_LNK_T (category, search, usr, fye) values ('HOMEWARE','S/ARMY','Glenn',2017);
Insert into CAT_TRANS_LNK_T (category, search, usr, fye) values ('DINING','FISHES AT THE POINT','Glenn',2017);
Insert into CAT_TRANS_LNK_T (category, search, usr, fye) values ('DINING','EL CAMINO DE BULLI','Glenn',2017);
Insert into CAT_TRANS_LNK_T (category, search, usr, fye) values ('ACCOM','OEH DIAMOND HEAD CAM','Glenn',2017);
Insert into CAT_TRANS_LNK_T (category, search, usr, fye) values ('PETROL VW','SHELL','Glenn',2017);
Insert into CAT_TRANS_LNK_T (category, search, usr, fye) values ('ACCOM','SAPPHIRE RESORT TH BRISBANQL 31/01 AU AUD','Glenn',2017);
Insert into CAT_TRANS_LNK_T (category, search, usr, fye) values ('GROCERIES','EGGINS LAURIETON NEWSA LAURIETON 07/12 AU AUD','Glenn',2017);
Insert into CAT_TRANS_LNK_T (category, search, usr, fye) values ('RACQ','RACQ EIGHT MILE PLAIN EIGHT MILE P','Glenn',2017);
Insert into CAT_TRANS_LNK_T (category, search, usr, fye) values ('SERVICE TOYOTA','ABS CLEVELAND PTY LTD ORMISTON  AU','Glenn',2017);
Insert into CAT_TRANS_LNK_T (category, search, usr, fye) values ('HARDWARE','SANDBAG LTDWASTE 441189569183 12/09 GB 12.990 USD','Glenn',2017);
Insert into CAT_TRANS_LNK_T (category, search, usr, fye) values ('HARDWARE','923100 035245805 REF NO 22736460 Building supplies','Glenn',2017);

